"","V1","V2","V3","V4","V5","V6","V7","V8","V9","V10","V11","V12","V13","V14","V15","V16","V17","V18","V19","V20","V21","V22","V23","V24","V25","V26","V27","V28","V29","V30","V31","V32","V33","V34","V35","V36","V37","V38","V39","V40","V41","V42","V43","V44","V45","V46","V47","V48","V49","V50","V51","V52","V53","V54","V55","V56","V57","V58","V59","V60","V61","V62","V63","V64","V65","V66","V67","V68","V69","V70","V71","V72","V73","V74","V75","V76","V77","V78","V79","V80","V81","V82","V83","V84","V85","V86","V87","V88","V89","V90","V91","V92","V93","V94","V95","V96","V97","V98","V99","V100","V101","V102","V103","V104","V105","V106","V107","V108","V109","V110","V111","V112","V113","V114","V115","V116","V117","V118","V119","V120","V121","V122","V123","V124","V125","V126","V127","V128","V129","V130","V131","V132","V133"
"1",-0.0401110151766174,-0.136788745145822,0.0521727049053992,0.129538826356651,0.00794300253646737,-0.0138765750586531,-0.0313977432953512,0.33687268966522,0.0763214058485361,0.0338849699567837,0.0126485400634632,0.0201347025821208,-0.0760638777111514,0.0972043303363023,0.0251042364954617,0.0702249447811373,-0.0346853564371873,0.0570540030040838,0.100607613906678,-0.0646633026626908,0.15491760322933,0.0214118849715988,-0.0651152281646075,-0.021535074671724,0.232502976815064,0.0530513252788036,0.0456273162628264,-0.0408422382236681,0.0939109175512674,-0.193633753214214,0.0342019352534349,0.0151524770648939,-0.162875984087533,-0.0220667670140249,0.000942930176986282,-0.0472594944977605,0.0461577702177739,0.138723679652005,-0.0126652617004012,-0.268145633661448,-0.0544085761718968,-0.0384789335442635,0.0876969231447675,-0.023163903061408,-0.0403587969222031,-0.0915705759395288,-0.0688766716476631,-0.0268391108888605,0.135128877758013,0.000620637009341758,-0.000688490115595306,-0.0419729305942212,0.0737134734634978,0.0219678852581718,0.0511042843034723,0.0803723469234297,0.00967985882485138,-0.0723275578284018,0.0926905979892758,-0.0134663810731975,-0.124286644826779,-0.0288408862031811,0.0565090794108512,0.0218483274874726,-0.0330066103394828,0.0504094729980134,-0.123612664309046,0.0379661766370653,-0.0369166407431519,-0.00726044114105741,-0.122952733070191,0.0720643195239914,0.120744776810366,-0.17667737437575,-0.0610007567322666,0.00379711637457832,0.0164844185493018,0.116181321271406,0.129554646362402,0.171797103013595,-0.00306218484282598,-0.0302547055578001,0.0886419993739924,-0.0192604482380893,0.112710327109598,-0.137041994023296,0.250868691683028,-0.0588911149439729,0.171082936080618,0.0219662233712362,-0.194944892307959,0.00954502671801006,-0.0908246816266972,-0.0682574954917179,0.0764645568079064,0.0111602620425371,-0.0238658089103913,0.047249471175965,0.212201683090979,0.0182867485553734,-0.229761639617715,0.0819481715443082,-0.236005136591581,-0.0490657267257502,-0.24178053290912,-0.00384299129969992,-0.13909498779819,0.0956829296287288,-0.152976090350624,-0.041567973295459,0.0241542747030586,0.0128103957677286,-0.0329889902609698,-0.00460080359203858,-0.0186250527488759,0.0412536671454513,0.0809811623812979,0.0467480623579641,0.0689790664901344,-0.0908359861685837,0.076651980712263,-0.164652083465743,0.00270552557153187,0.0252206845167149,-0.0578242252529687,-0.186710470399172,0.0122700407021089,0.0173843104196888,-0.167113546397278,0.0152793590813303,-0.110607869517973,0.0756619477146416,0.0683362278079308
"2",0.056330529362588,-0.0454640232430645,0.0607836302321649,-0.185001709079341,0.0192694205404662,-0.0538023098305241,-0.0149174388002696,-0.00825206776706711,0.107075504741879,-0.00163620202574585,-0.000309839927546461,0.0325592792322986,-0.110333453425594,-0.0948840852693774,0.0155108265912703,-0.0635365574048711,0.0330322307130269,-0.00546969090433837,-0.158044657534971,-0.0184151379635849,0.0256900982231366,-0.0127502760007626,-0.0309370142297562,0.0184593483801464,-0.155044409669561,0.00501113077958702,-0.0705905094685569,-0.0271780034728528,0.0803657201057361,-0.0459305619685264,-0.00816105307685911,0.0223397158822855,0.127988502712143,-0.0194089643675931,-0.00101015510358384,0.0596235455474598,0.0933087297276946,0.102213160861143,-0.00511346332745553,0.223468578481579,0.0194547682994039,0.0247441970061526,-0.09812192544642,-0.0203739573110112,0.0585988459436668,0.0153143749378021,0.0721485056444775,0.00257302963822865,-0.0708215879000314,-0.000487698674509434,0.000819473919786799,0.0479610491758276,-0.0386335276879803,-0.00733237908648703,-0.0705532836849034,-0.120520664966502,0.0110471940983208,-0.0257600057182801,-0.0132965003847,-0.0249798850641682,0.079923556646728,-0.0425209159408078,-0.090114600156966,-0.00469352167137796,0.0243661959150642,-0.0803876040930017,0.0471407896589471,0.0370063815078637,-0.0131481402828319,0.00639620771957278,0.0381136677442875,-0.0514849726458674,-0.00583039762665324,-0.130177868211782,0.0189094013300029,0.0096633423748967,-0.00354123105055754,0.0275585908327551,-0.0894756198206119,0.0530124358166297,-0.00597170357950593,-0.0179732943566829,-0.0380221529412067,0.00276291838614155,0.0696388571371414,0.0620432219433569,-0.12551290931034,0.030865070018607,-0.0611737912589341,-0.00524144360551497,-0.0879827162744377,-0.00977135777839524,0.0195112239944078,-0.155846650667175,0.00904185868622735,-0.0122214299264571,0.0301095929975022,0.00109078259824608,-0.00014965498557609,0.000422160642357969,0.0493580680450704,-0.0565966844722958,0.174224112564275,0.0233809135644695,0.0576921670483841,0.00219698326832964,0.0695910536779464,-0.0114493729282327,0.0838148154520042,-0.0751299380258085,0.0131999337010838,-0.00122811549624085,-0.00860993301786828,-0.0020764391017442,0.0164080534302189,-0.00591785373025063,0.0577412164798106,0.0700341371432667,0.00651563596987198,-0.0734121687969435,0.0710669660401479,0.0157849748640503,0.00585546724240092,0.0101825803856297,0.0399357224184834,-0.0620563421128069,0.0227606960478795,-0.00993836211030823,0.210833870550238,-0.00837148248914993,0.0921789515367111,-0.0342545440044441,0.0113322460972104
"3",-0.0470621709286934,0.208855096900601,-0.0622180821412214,-0.00457752691768718,-0.0149873584422798,0.0650793018523389,0.0527839392177206,-0.0162355533368412,0.00809761801618101,0.0197155709722244,0.00524517979299535,-0.0175392461721176,0.0427865170294348,0.00656376636210625,0.0242901767703881,0.0173831264206789,-0.0701308081596956,-0.0115527941266858,0.0740604905245211,0.0338793185463156,0.143918353701926,0.0193410070560758,-0.0847719606587777,-0.0244363761481549,0.0336367564556753,-0.147167169467407,0.0423877474444481,-0.00328303273073658,-0.0685229795003217,0.0242704108734346,0.00802641115975473,-0.0221613320677174,0.135597825436709,-0.0329841546396457,0.00123970230720923,0.0703349211099323,-0.0295250308967718,-0.0940862944626195,0.00175033485139329,-0.104300858876671,-0.0456485026999019,0.0107600824928283,0.0374943281474397,0.0374525311353855,0.0335995827165704,-0.0791820164478143,-0.073728025539027,-0.0287295336102636,-0.221957902504484,-3.7891591494419e-05,-0.000497967168563822,-0.00661200366704058,0.0599496186026413,0.0113694599807068,0.00936464686088308,-0.0142076703389632,-0.0330755318846274,0.0425447576815655,0.0384375468737809,0.0465333098252433,-0.0355594509960785,-0.00713912659549547,0.039418394663099,-0.0648222385184203,0.0750107464340069,-0.0147444428300294,-0.0194727263055826,0.0147677393714802,-0.0679969281327879,-0.00282410060719303,-0.0683767925989325,0.0725072465228439,0.0609388400739494,0.162989585730626,0.0962759961402588,-0.00159885819952038,-0.0202942036322465,-0.0817851109992308,0.0137456068425341,-0.0325780456393121,0.00380927261171914,-0.0249945256560606,-0.0247874651852299,0.0100912083721915,0.0134076519579326,-0.0674018428261736,-0.00563934858219889,0.0376699736590845,-0.072038180600504,0.00910909799687096,0.0068887878414793,0.0114446165154355,-0.00613297769808867,0.0638470009823774,0.0199108157810797,-0.000537867969720264,-0.0249330814802666,0.0815612888708235,-0.214860863647395,-0.012167458592838,-0.12777563854851,-0.00711051020291582,-0.0735920709195011,-0.0695554022882037,0.129785870983811,-0.00263129916575503,0.0227997964015847,0.0482903434871738,-0.0850734598679104,-0.000669002209114109,0.0137433091573415,4.14589867574956e-05,-0.0433717451566435,0.00187811183044009,-0.0129920658330927,-0.0375271750113079,-0.0538824568561288,-0.0172799729203385,0.0215093299511059,0.180738692749203,0.0278442382437122,0.022754861830913,-0.00573112525357414,-0.0291038476646494,-0.0113395414493366,0.244266069786854,-0.0100573117582644,-0.00262603010133678,-0.0821920395180459,0.0248033137473997,-0.013157550477726,0.0527786427789938,-0.0358036898027691
"4",-0.0313804148673701,0.205679191436417,-0.0784482652322935,0.064615062533777,-0.0119433096453846,0.020865186934299,-0.0184434042841797,0.536160757951284,-0.114758893558662,0.0393194385668615,0.0128839876215567,-0.0302750737458942,-0.066247256491912,0.0846593731174968,-0.0377473969697101,0.0292214442252932,-0.0216038820647291,-0.0857879147409435,0.0828692138406033,-0.0440953279066206,0.103811558120504,0.0175102201102096,-0.0447881342025245,-0.0177381675078256,0.220350499043072,-0.079769382169137,-0.0686064449698726,0.061411474499148,-0.141206950677126,-0.122892930817801,0.0225149436813894,-0.0227836670893383,-0.00812506409067234,-0.0186974994219023,0.000815668091976489,-0.0218984964457931,0.00721025714111847,-0.208588610367689,-0.00766416076915724,-0.105242998668215,-0.0467439653851654,-0.0212392343518709,0.0256134106405963,0.0348298600670544,-0.0220384684980042,-0.0510851493525789,-0.0433068958003553,-0.0176680373681859,0.0841654415144314,-0.000933206296529495,-0.000351558362539682,-0.0214323116863803,0.0324147318961997,0.0134232419376855,0.0312267277525913,0.0135043813825222,-0.0145548929057438,0.10875363756608,0.0801806592372665,0.0202484083595874,-0.0708049974269586,-0.0212004734162338,0.0261844500831556,-0.0328517256816109,0.0496296162337349,0.0287178289420729,-0.11861200342002,-0.0570869518857647,-0.0474166401555068,-0.00537992058296084,-0.0925593884409417,0.0440341336763385,-0.181555054387319,-0.101695144085965,0.0917223585049409,0.00279119941709749,-0.0247864096926585,-0.174693321395995,0.0363081566545965,-0.258318688436583,0.00460438248649476,-0.0313540183763024,0.0662065104158119,-0.0148406628092245,0.0402424500726839,0.206059983176983,0.154772491094128,-0.0307668392532914,0.176288712581309,0.0138114825224613,0.293124319415397,0.00645258219198391,-0.0404756986164198,0.102633783702326,0.0480778544445115,0.00596236763376309,-0.0162746198589468,0.0584556026986846,0.137184284164296,-0.0274964409744255,-0.160751042878027,0.0641112574528549,-0.0382601721300596,-0.0244743996052959,-0.220574112192957,-0.00041870870928257,0.20914691916131,0.0426407596814705,-0.0573299028542057,-0.0315381006984516,-0.0363190091798947,0.0122164909036035,-0.0330184804231335,0.00691789051622346,-0.0154512355081817,-0.0620301099569354,-0.121765427282837,-0.0702916285747674,-0.000226045695910976,0.13658340215469,0.0536289950692865,-0.148265388427004,-0.00406810013036508,-0.0379224913083638,-0.0346497535393383,0.280742823859343,-0.0184495591930183,-0.00344564546788373,-0.137649305796113,0.0152930179043426,-0.0747725899812892,0.0618748587623367,-0.10275216770476
"5",-0.189753263866395,-0.0133392486073003,0.0240945242141806,-0.0874534346589817,0.14373627176494,-0.194512127823137,0.297028594049117,-0.0523799024378145,0.0891770550542449,-0.0645980274422333,-0.145695348389225,0.275454498146263,0.0120252706495206,-0.28019348345829,0.0158778610589975,-0.0695509566022314,-0.136393557493724,0.0451074365330772,-0.0784248278490779,0.275985700995276,-0.162698772238225,0.408187192695146,0.0851579162199917,0.149796343216105,0.0845454467777205,0.0733902236268071,-0.199306241713457,0.149730570776926,0.445639099357048,0.202923921409299,-0.225162887306865,0.257046404284979,-0.0830227176298257,0.484049536920682,0.0239270184978724,0.394235181085327,0.0555872491925087,0.254899370998785,0.0584476322463814,-0.183933914782566,0.353605784746332,-0.0638483215736886,-0.0949376892795275,0.110319849757522,-0.273513262749547,0.0117958339268581,-0.159482730627135,0.0222254785362611,-0.155379063860609,-0.173926906159526,-0.0506228669364161,-0.062323828813884,-0.148799092420818,-0.221553853263157,-0.0434967349034869,0.045613476897062,0.176728746566422,-0.161334192019856,0.163108869171872,0.136531635939386,-0.288084366734171,0.0687665578775116,-0.0617596593735685,-0.267524997140139,0.0996985111277043,-0.195888881131124,0.120196282443657,-0.206818560038058,-0.02673391609921,-0.150131732308065,-0.142154748504041,-0.173767591060551,0.127442682528242,0.0346630467140265,0.15952202538106,-0.106818042788112,0.00863026610868587,0.0890022527454114,-0.0821882292814171,0.00374721400646982,-0.351264019742802,0.180997870117556,-0.0617301363240907,-0.1936169930181,0.165387595737023,0.00259222274098612,0.0563842649939314,0.163536883539745,-0.0320447290322048,-0.105266198495271,0.388444604992542,-0.444367738004971,-0.0918289532042867,0.324630012668811,-0.0360267067186005,-0.221609393803557,0.0874542982422136,-0.389487270148574,0.0739807157034461,0.181005563589672,-0.179032627176221,0.213611481965345,-0.0274702680674982,-0.231750685878702,0.174456650976694,-0.000185488366128717,0.278199044987695,-0.083862502317093,0.0656428881091231,0.154456737753135,0.0407618944545915,-0.103352988517907,-0.208311877577519,0.0373819104633237,-0.249739805768985,-0.245053988117579,0.0406182107879721,0.0846183795776353,0.0930189385286694,0.139163964395426,-0.101778719449221,-0.0926396326265263,-0.121067992394537,0.0434593402572774,0.281111849490519,-0.234302671191358,-0.027959667262254,-0.137922754684549,-0.363173761950486,-0.0426086364245113,0.139573489200301,-0.101225969729231,0.508052507835466
"6",0.00805775478307116,-0.204948637545387,0.26653844926329,0.234218539497575,-0.220397301269904,-0.319965210513468,0.533152970073143,-0.0676731195778136,-0.116634126790124,-0.00680702738490567,-0.00254091884103194,-0.0862607875694851,0.158229865521872,0.183268760113647,-0.0152890273279192,0.383771698975159,0.00696781409056249,-0.648660580889097,-0.0202106947081701,0.000743633239870942,0.128691517407978,-0.118261216401248,0.0130807594593047,-0.0667967974795583,0.0668776279848701,0.28417854029423,-0.0488930523255918,-0.446810655198782,0.160378612770597,0.283469249577121,-0.00687070138128445,0.147668822555108,-0.0222411611054281,0.308590643319065,-0.000189421786268192,0.0545706782108361,0.31911324349268,-0.282448465456431,-0.329583411236426,0.471133152353638,-0.11925490182264,0.0151232551791754,0.510993118758439,0.298840457269834,0.528025931615448,0.0183952772827112,0.209412563721886,0.0036328743455411,0.0826995329214355,0.239105810940323,0.00013830825517397,-0.0393682865351248,-0.247795226777337,-0.00441304793044147,0.348771649072841,-0.0939432613888415,-0.184428564224437,0.387831060991869,0.132900647351846,-0.132377149928941,-0.12433780093901,-0.168079009808631,-0.011351901788191,0.410029396449449,-0.259770824873311,-0.0101265742184057,-0.248716605075552,0.424326722880267,0.00741604861439556,0.00145852340246038,0.263487609985844,0.11087276582208,0.291062748725372,-0.613093525685674,-0.383668166289129,-0.0897293152527011,-0.323756911206379,0.205094871377651,0.308463867260735,0.0161090930823523,-0.207017460982138,0.178075973625161,0.170362830266189,0.220444368303511,-0.288708656255355,-0.101274193127839,-0.482792868646008,-0.344680334933162,0.0355471108728415,-0.00441271408005969,0.104077891528294,-0.0019174654232234,0.265518119617756,0.340520918067027,0.29946123960419,0.112926592840493,-0.245083041216631,-0.00949177303763279,-0.387358183444751,-0.164680003028053,-0.235018438214981,0.264633642688006,0.175552000358757,0.361045435312019,-0.488934706484223,0.000772004432952789,-0.0799260525851453,-0.158740599838417,-0.153567145605819,-0.00828639926143439,0.0550746616762889,0.269616786215046,0.200105901651563,-0.163719946622267,0.412624412101249,-0.577093658865433,-0.177657226681309,-0.0738866474738495,0.107644058101014,-0.261338395264447,-0.0153983353823466,0.0236229954522693,-0.498684863565684,-0.078953949374468,-0.890554142894001,0.273530028556223,-0.208401307758936,0.0921428853934471,0.263097878260699,-0.377025925448451,-0.280158407104622,0.205648523602245,-0.208484495681096
"7",-0.0501852020739469,0.000557184716050186,-0.155185011782393,-0.0238180276704246,0.0508668833590794,-0.0528257303548934,-0.250999959922986,-0.0619400628330998,-0.0580940700332622,-0.635215520918563,-0.0702134177300602,-0.100717715458683,0.0417860328903541,0.168533829511739,0.117751595921446,-0.330092486767008,0.00637752249742969,-0.043785576026015,-0.0184985073532078,0.0074756442921212,-0.0284843692360904,-0.0039369576139725,0.0119725980990496,-0.131163779052055,0.349837902527724,-0.00975443401011004,0.0412074180046839,0.156185031029945,0.245606798745726,-0.598360701718828,0.522141165004924,-0.11973786648514,0.418814978931065,-0.460469121996612,0.241030761681361,0.101058766357897,0.143704668741166,-0.0489556275168089,0.00232873465136205,0.0493033656540011,0.0100039888365284,0.10217596511542,0.350096246478605,0.00673294300821367,-0.0252524535354729,0.067103744859656,-0.181651042503747,-0.376291804816212,-0.0248458584969126,-0.262550225304831,0.0460465656195486,0.0984644554036916,-0.0135535391204023,-0.00403918820060691,-0.00939643573939783,-0.0147778919788027,-0.0302835924581877,-0.11521886386827,-0.0284300542556913,-0.0223092092029249,0.0228523202564498,-0.104292720801709,0.305485725908725,-0.193971300230207,0.00606885503353576,0.259212372508149,-0.119966207053216,-0.603134651855983,0.00678778398298608,-0.112265159447739,0.359340319213693,-0.0132503127035257,0.0894275291989689,-0.43898908846531,0.159995001600154,0.657868391000224,-0.111932178890854,0.0516453041156409,-0.0503265927806184,-0.14450032451308,-0.140001634346486,0.00556286817167895,-0.0162984153340939,0.00354137753121861,0.151037534392602,0.0828843259371626,0.286888115847201,-0.465812181399572,-0.060959879034603,-0.00403888263299654,0.0249960853492419,0.459015535939828,-0.0800723086234865,-0.20301705540735,-0.0140593749463424,-0.00205201357472845,-0.0506412655890294,-0.00868765947271728,0.0653509305803572,-0.0596359899668341,0.0422457825497866,-0.311086433971105,-0.309711179686232,0.0730935407930012,0.181404572922922,0.433123806267196,0.0669717184267049,0.165597978063714,0.485174008523953,0.0726592258819306,0.0534711507607275,0.0119940521210659,-0.0148103961111501,0.0425787616386421,-0.0918313860342558,-0.0532249620423099,-0.160902397934807,0.00633644652386734,0.0294782711736255,-0.0279368676620352,-0.37513960462614,0.451860303711351,-0.113643203274113,-0.0162423664989219,0.0106320169468249,0.166759145461113,0.052390357746278,-0.106017721204576,0.0323129278110903,0.13937166330572,0.0203372330199484,-0.0480218502974605,0.0945897402926774
"8",0.20488595582967,0.642873799159393,-0.210346170169468,-0.0463663843367362,0.0477761827914093,0.00215866276039316,-0.0743794398723131,-0.0400086457095871,-0.0894142396834297,0.396105785197224,-0.0888567980609994,-0.086095726763452,-0.100384892745498,-0.0827536741864473,-0.526580180106613,-0.0109243075116684,0.433745212128447,-0.0555156792392413,0.396747109619337,0.0268006847473189,0.03159654386233,-0.136700705359249,-0.503808506696126,-0.0530759300718727,-0.0361685441550506,-0.00825275111361994,0.448538654738452,0.160375253210373,0.00987402071964352,-0.0238578996324414,0.0270028849641585,-0.0852205973323351,0.025337255044932,0.0804451162243343,-0.368337341355439,0.00735176442428749,-0.183539431668561,-0.0668227275228822,0.364776770424751,-0.00783862319622348,0.00490024352461219,0.104496596468677,0.00673833380321032,0.00360341472679413,0.193321629673691,0.261006632824875,-0.466801527882355,-0.213754811200963,0.457193780010854,-0.0938458730998097,-0.245630709513798,-0.13663977008233,0.328299979767699,-0.0190561123785703,0.408852324637905,-0.155049212067975,-0.590315266806074,-0.385067962394464,0.0567475661533893,0.00209485231168646,0.431070887820225,0.149211005971288,-0.221969296245848,-0.00339876163423663,-0.329747708048243,-0.00784178024271998,0.0958096817491942,-0.0975158641059942,-0.283834544758525,-0.168079048547947,-0.128344556977304,0.103031983977739,-0.0147572210298819,0.251552626391306,0.00948937769996315,-0.0849706654834368,0.319511945055672,0.471470862406388,-0.117007219684467,-0.167608467490851,-0.203835577631405,0.033847791123328,0.412395862124758,0.248527759371869,0.0709785662861059,-0.010040514851513,-0.0390255448620643,0.595172219635856,-0.524327665357845,-0.00341710171115386,0.10119821023986,-0.120472362260904,-0.246349831296018,-0.47690104101425,-0.0282609961583834,-0.00173610865545279,-0.0650620170445339,0.591715730002029,-0.0925907584133458,-0.0340105676741133,0.337579697987333,-0.150292440169096,0.0367133458700777,0.0188132494370516,0.0376117759873411,0.0161836536937522,0.042838107172927,-0.0232549806899438,0.0615961882185814,0.0351357606429237,0.134272661860947,-0.00199280616238541,0.0995034675140495,-0.583324825887315,-0.0381014206172304,-0.239282391215266,-0.360613232129834,0.607416090532733,-0.283800126009931,0.369585493045485,0.087234542548351,-0.223468164245875,-0.188258757748039,-0.350108737900165,-0.0148911832662003,0.0290449868012476,-0.472308383691076,0.283215286800656,0.00606635233182659,0.263301311449007,0.171610526443857,-0.0403531690555879,-0.0237877360606361
"9",0.0611633015079166,0.480145586680821,-0.119382203780019,-0.206773973690229,-0.00169273569147913,0.0029572411401327,0.110277656328664,0.518936362078327,0.145956390093832,-0.0210166117202606,0.0422137564424198,-0.668532834865146,0.0217904118230004,0.236366922319581,-0.0982397674614935,-0.0569581734555179,0.101256298852119,-0.0929072089884218,0.0512305194426707,-0.129060716900461,-0.0462120435152531,0.190549182038749,-0.173914603354878,0.0381083362971227,-0.224517072787914,0.000159234041630258,-0.2378666710358,-0.647430516168757,0.724827170056521,-0.72440279679935,-0.137492102177703,-0.51939613292624,-0.034023465285466,-0.175202721336439,0.0975504526682875,-0.132871489110978,-0.0571039021233031,0.454410321842775,-0.0700473014077351,0.103506411319815,-0.0249826693399227,-0.0733845325350172,0.0010870805380171,-0.488830104939246,0.0496072859547372,-0.0594868714341832,-0.126360662844936,-0.0787851326476852,0.296064621805468,-0.068791236930165,-0.0294332532750076,-0.232236237272115,-0.218863701137537,-0.0396341677773525,0.0761332239790056,0.218457025288081,-0.00206287766445688,0.408218551466909,-0.116343985521202,0.00286982457488439,0.231158916843251,0.0666097639454975,-0.0593821338058195,-0.00465610372994232,-0.215538117368993,0.155407394645133,-0.0117464642579534,-0.0080909834747348,-0.227302985188415,-0.167430939714301,0.00700513389762056,-0.0172308499547215,0.0841209479576752,-0.102417134104602,0.0129998898594587,0.0133909101580407,0.194316163806325,0.316611668183847,-0.0529790649124215,-0.306195145331906,0.000652583145168669,0.0343916483900267,-0.0742034458663679,0.17399766112068,-0.00292865922651364,0.115058944856884,-0.121996295412419,0.503943470612145,0.415997600188272,-0.128961107790359,-0.0374680913044825,-0.0162608282395383,0.0123973666405335,0.0145463756682423,0.00385380168820291,0.0853889325456964,0.109371493432079,-0.41962329984165,-0.742627669296829,-0.227059753142351,0.340176519184231,-0.214295864501595,0.699502781507297,0.112111967171945,0.458662672250586,0.28943644351345,0.0296425752440212,0.0204084573359539,0.0122228355142803,-0.135178260395987,0.0940033965975092,0.439994432505617,-0.0621120498051351,-0.46682879993928,-0.116608677132804,-0.0704167389098035,0.33363775775657,0.348592773821718,-0.125157350453112,0.304117574144179,-0.0953989540582942,-0.0794962736825182,-0.000576575379159121,-0.00537478776429525,-0.088845025065833,-0.160604360173667,0.373850740106479,0.213299313525229,-0.127157819637368,0.135929837709731,-0.095131657293894,-0.25456801565893,-0.0145631543361336
"10",-0.0965661356354086,0.088878363953131,-0.0315150367429305,-0.0424782676442088,-0.0354733706252499,0.376422726537467,0.102654121800724,-0.0979708112064822,0.189508138844732,-0.127833945061026,-0.154504226603235,0.12947003769734,0.104309178693031,0.256477102764664,-0.2183708787143,-0.014429701710025,-0.0792322733783082,0.0903646408600362,-0.459899777193354,-0.041271330285953,0.138290575752927,0.140669519024432,-0.0849833999163912,0.00435981802947197,-0.175912530038008,0.413990598271308,-0.090029662159491,-0.197342717249576,0.533597043839367,0.136866394158872,-0.149506828072143,-0.0538400220919525,-0.186652886985856,-0.0613893452727326,-0.214826616344301,-0.14717918139537,0.0618024963204772,0.016967913003026,-0.136270567814203,-0.759970929338092,-0.185989536128753,-0.248945140760513,0.0166137511497163,-0.000258821391036295,0.00113200583029115,-0.0410784552213009,0.0536327120200843,-0.177643407685706,0.298425861369838,0.383088037838139,-0.234363968216619,-0.075871650187008,0.00675777173087918,0.210103766215021,0.354370223566869,-0.0800549539727395,0.188758276439743,0.0660474444853821,-0.0442588026134263,-0.158204649647877,0.209291099137978,0.412469774973794,0.0327568346633314,0.218994090879551,0.117773371338652,0.150378023055628,-0.0129832545805621,0.100316256281238,0.373333434845577,-0.0963749352896108,-0.0148227456412638,-0.0974269534905309,-0.0492737877450658,-0.183215785410667,0.250129186511603,0.0064489981664914,0.655550234535606,0.494620752051376,-0.0948293304617654,-0.0131790148316113,-0.205302593298817,-0.138592229194976,0.116767551049636,-0.0423919435862483,-0.158376862162673,-0.140806893356642,0.0393640633832779,-0.134890628530897,-0.068542316811785,-0.0972691516338801,-0.18458552172762,-0.158088285711454,0.020167323555728,-0.0105240911642829,0.0979817386982423,-0.0506420883064884,0.0887844925394401,-0.510967536083201,0.650277612293329,0.131021250684797,-0.168649433377407,0.161594092197888,-0.0274779400125405,0.0760409705729759,-0.0608232987949104,0.0483057918320227,-0.105849253539153,0.00130284334736632,-0.18052634419425,-0.364554057601244,0.0537319720395541,-0.140581864022122,0.201964539083291,0.295151171595685,-0.00728551558441477,0.0624157024608795,-0.090572441911648,-0.00913058677678304,-0.148751918254395,0.105110321554762,0.172674603551367,-0.0955310018376389,-0.0731051612656232,0.0333981015443587,-0.0818313960488323,-0.0474027970204079,-0.159014072739229,-0.199272602621253,-0.34720019837736,0.106846724250763,-0.106506957943457,0.0510823995477397,-0.118331224175724
"11",0.0980306880346764,-0.13152507067305,-0.59490129667896,-0.269306798742799,-0.39942119355707,0.0197148104137982,0.769324429678524,0.726363546790209,0.31431160744373,0.143641109597757,-0.222478299364971,0.075014933941327,-0.0638473640088053,0.240496013217209,0.0208439579584916,0.0916841896033571,-0.352178838667467,-0.0133347589976534,-0.327104247776397,-0.17074188733473,0.573851353505121,-0.0443007767111675,0.119592987561215,-0.045702447564774,0.871324903073268,-0.472650810669331,0.285556010379207,-0.632947562984584,0.105539698797107,-0.173285862337939,0.0699468885521214,-0.284549544708602,0.0207262158278256,-0.482861262512728,-0.157948896271767,0.0342815600388849,-0.242982577851973,0.740940287356774,-0.0595935545169598,0.188440660497209,-0.355379459571493,-0.0775956356487727,0.0203769187989373,0.0239444084237442,0.236528949529716,0.0768065114517919,-0.0554377238031165,0.0325757412005199,-0.117974830026077,-0.162012236086702,-0.129193848977169,0.0915150476255644,-0.0730031960192249,0.500940309344113,0.181170652255471,-0.0560779242666354,0.185379711788751,0.266257392175767,0.103118312321891,0.0669067625812174,0.357603124403577,0.179152849577079,0.0671386600093154,-0.618775178494175,-0.121512162540735,-0.143950707767239,-0.232340549197019,0.0907326727932981,-0.00973849192069572,-0.312142691565548,-0.0710798691879232,-0.0139163241614217,-0.203109450362267,0.294034513935568,0.226987374770303,0.0661057389505527,0.084262468606231,-0.0261835585466768,-0.247997462298023,-0.164253137473702,0.462371979070115,-0.162042569260053,-0.138935778238366,-0.147071698310225,-0.16194405417417,0.116991667514441,0.108458988471618,0.129179969442795,-0.0956814480748874,-0.0171566724086118,-0.449885731369971,0.140274533238338,-0.187136909344042,-0.101960021696151,0.300211694304897,-0.0120236899541741,0.242132737467481,0.0285061748116636,-0.372712441489661,-0.251975504385093,0.149000074825831,-0.0619871244644967,0.255252469930574,0.179397832632765,-0.208035848430325,0.155621046076057,-0.457933609325535,0.133111792626783,0.0410792970572942,-0.436793991877397,0.673581509743071,0.312076488338745,0.11410553698786,-0.243125346678771,-0.29271649534535,0.0712265819356038,-0.0200620715561465,-0.382956797938655,-0.363051112159632,0.0436212878939323,0.33360164818525,-0.0969839581100232,0.229228237315212,0.291870333884759,-0.262657426103347,0.127683256892612,0.6069937452391,0.25535866599161,-0.0566013852522913,-0.25496051219903,-0.248411317900089,-0.117229361076178,-0.226731155716473
"12",-0.0386431105155722,0.325852084182811,0.343506901369077,0.153251586865981,-0.00107857361886729,-0.113767029488001,-0.36941457413619,0.141215624142224,0.332874490426154,-0.19579121821807,0.0149735829561746,0.0229635300486032,-0.136742140760007,0.404179992501896,-0.0590128667285014,0.431599713924462,0.00470989531256183,0.202355049505772,-0.0729160260396918,0.123990620806685,-0.0210361307546088,-0.120948288466032,-0.243620374492749,-0.173547394487881,-0.086285517963052,0.372276805012218,-0.460937100435489,0.00554593310039277,0.147395919786893,-0.150212232592866,-0.0883178993486241,0.0309693185908493,-0.386705782083176,-0.0905551501982471,0.0211169571591825,-0.0567636658060143,-0.00905766917819557,-0.0285455757218206,-0.120376116574481,0.0854114322734301,-0.182653318173283,0.488426245812234,-0.0827963310680923,0.0713756986451033,0.0775007364310599,-0.104671499399104,0.00935270518338896,-0.196753785865443,0.413262225052797,0.445151935809432,0.115093757162369,0.0241251296642547,-0.0906757906465148,0.0985817219387375,-0.317926810102994,-0.0477421054158093,-0.00131441987018459,0.522493661973477,-0.48534669546273,0.0508331675911625,0.035259527624176,-0.0123613977960796,0.134250874989674,-0.123668962294362,0.176673393181745,0.0208217985464479,-0.0079936013528961,-0.0350131992653708,-0.598920230773617,-0.0148531617536119,-0.0916033427747537,-0.0527577606816139,0.377473054990556,0.474256248563841,0.00828324133605022,-0.176375011962987,0.00468465299750249,0.310581409394736,0.0393962812743608,0.149719866655753,0.449505352844751,0.208360080774369,-0.291520150733959,-0.162823858047846,-0.129935954451617,0.0934435345835564,-0.0340652481737063,0.323543815472156,-0.0232312076759126,-0.274901429186945,-0.195086890320066,0.128757605718082,-0.116573312944095,-0.163734030987874,0.319312901498201,-0.130912905440961,0.289705358325287,0.262643571012058,-0.518829036238968,-0.125726822775529,0.0091697344987313,-0.143235191944649,0.0320469385570865,-0.0637140111718305,-0.0533618128574774,0.29733827078477,-0.551249415963581,-0.156916311744753,0.152774418782845,-0.677343802470436,-0.10504151413278,-0.0938289918801214,0.198911572207622,-0.0422222896557742,-0.0540573590925386,-0.244997621458322,0.0709049771649689,-0.421851708362758,-0.017270765597361,-0.0392813572826333,-0.168476123236032,0.422553766397764,-0.196027395195335,0.29746577973726,0.367967761826763,0.379902282952643,0.0195247883998355,-0.00342112537779622,-0.603596145727628,0.0281263152345066,0.0150193493648677,-0.120655909073075,-0.00717338745182885
"13",-0.120379588144783,-0.0897104576271568,0.249356193302552,-0.013209669434067,0.305319685578254,0.200074774584766,-0.229528669451973,0.253211750468256,0.240339987668703,0.176307976777144,-0.255599411398017,0.179952417984408,-0.173736078585872,0.285154051643171,0.210429317799633,-0.0532946618118252,0.333490980543132,-0.0883430237790433,-0.0102594207438467,-0.145137285539125,0.0432563460361683,-0.249094133791737,0.109722172900414,-0.110403211774383,-0.415930917847558,-0.0054098874421064,0.311167699878843,0.221254760553055,0.303379770469281,0.0197457236812945,0.325437512232219,-0.596043879943731,0.210251275543519,0.315373931615706,0.266442141602623,0.262101475597154,-0.195111775107765,0.113545860898968,-0.153095635008599,-0.214051458308991,0.154198833639294,0.247254052072091,-0.00894285827430615,0.212804564044657,-0.193034108640662,-0.0742094680207689,0.00419162171473554,-0.171037126206145,0.188165052669565,-0.227543438527799,-0.543051453374693,-0.178626608031143,-0.0260807494043194,-0.308667062160129,-0.631834969569197,0.155231135030918,-0.0922359482852787,0.00737557346132133,-0.147440581166664,0.00137322876432795,0.0628501445227275,0.093875249265758,-0.10829822693581,-0.00222797436038229,0.127510624405425,-0.130082329442855,-0.020273534695395,-0.00387158550958888,0.00376455951121522,-0.171009052845641,0.0125380552344982,-0.242359571754087,-0.150149385782507,0.136592741670004,0.00622052749993991,-0.00640944960009738,-0.336394645246363,-0.30559603330063,-0.146476412709814,0.188401440602715,0.277934030403659,0.258451730035003,-0.00903923204060036,-0.0832951458849372,-0.567342983893222,0.106412343064871,-0.0255822333866592,-0.0928449950433561,-0.0174461132233233,-0.139740633668398,0.199027669090155,0.300843848710426,-0.0266081040905727,0.00696053050040968,-0.283548989757534,-0.221037882734805,0.278585995125965,-0.161261731746549,0.253289009314745,-0.255897418599719,0.421134835849977,0.22185170464975,0.247620270515241,-0.170527482461879,0.22685660047887,-0.0711253346809242,0.0141841551326849,-0.281545078242013,0.00123662971961624,0.187605256326607,0.194307497660436,-0.00130633492807443,-0.0364373479246856,0.000469165085803638,-0.454090934012439,-0.191075689209073,0.265548721941033,0.170865570139163,-0.00703411241118035,0.161700218337293,-0.237561428544427,0.0167903296284745,0.161855924282031,-0.00257186910470887,0.21071825054031,0.325685190109645,-0.00125123243877232,0.402768221190739,-0.332710838276664,-0.139913450911791,0.167307300028103,-0.263201067403196,-0.199484805124169
"14",0.00370623138559343,0.102336087070711,0.154378535343679,-0.0119693022423426,0.258554211649228,-0.11582317769222,0.00623507582598701,-0.0311268146639846,-0.280559337696057,0.153938196157493,-0.00116871677165359,-0.198154110487469,0.00702825220557957,-0.476771127895741,-0.338266434314194,0.164941103659219,0.00320490409135926,0.166298567905698,0.15582688690091,0.233586833607451,-0.0143142845111557,0.149740397963667,-0.582599838099246,0.00198982671687188,-0.0214831219335058,-0.0049019075166731,0.265374477870727,0.254464591566562,-0.23794612691295,-0.261121318189994,-0.00316023629236052,-0.159028877039422,0.0712173439532812,0.309035007878219,0.147279523830212,0.264057790916872,-0.00426494756906264,-0.123735354750347,0.171366592732217,0.0247764799522061,0.124078161297174,0.00355542811763287,-0.00164676249487648,0.207593939282162,0.241206380558839,0.00846106090931994,-0.476405505812483,0.00247991617016494,0.110347229920592,-0.0999231420589756,6.36160332474934e-05,0.00387827114394154,0.167123542460224,-0.00202981813001983,-0.00472200221285617,-0.349594031581381,0.212594170567393,-0.185874411270138,-0.49938631976708,0.00124428474233617,0.23418472377402,0.170116978495935,-0.00522140172122818,-0.0552049721604117,-0.598726495762937,0.18459450266988,0.0114217287720621,0.239701648024316,0.00341107329172494,-0.18287493515116,0.0113607515602111,-0.00665869566315611,-0.251193713549202,0.316172168580053,0.202270774732794,-0.421209980656203,-0.110183022936514,0.213893731269925,-0.276441487659268,0.0954396311666915,-0.210150953680281,0.0027955148680834,0.0133367469160473,0.00177965273245166,0.23776070844437,-0.273158987745033,0.190166394847974,0.13195331500206,0.145044152028865,-0.00202966457276131,-0.231477640533,0.25853060530542,0.254006124335455,0.195303546174069,0.10592620608128,-0.00103120086268843,0.00220518502552881,-0.00436582001861695,0.262240945652137,-0.192011298764454,-0.144861202640918,0.126462891126912,0.0218067191903717,0.254035653533649,0.148270424055385,-0.110692807873558,0.238313166544437,0.201308570100429,-0.196191085590629,0.230268544746477,-0.256962026800519,0.225058668197311,0.25753598940522,-0.143947256820881,0.00172094260771718,0.199767593790859,-0.333544730507034,-0.310330254379077,-0.181967672461012,-0.190147985251699,0.144502489779691,0.173556497699013,0.212825952026761,-0.067361357662393,0.00534292033089968,0.224814674935697,-0.0887012567297246,-0.109077116957162,-0.447220243147091,0.151183992576234,-0.534974728153295,0.143934117993281,-0.172392514460192
"15",0.0805699903901739,-0.184408460098296,-0.0602050487823158,-0.0232667357778649,-0.31208420617481,-0.0241618408100334,0.225051526463042,0.118917936890692,0.231653353361879,0.242873343227294,0.0930767615129576,0.0266809419716804,0.0843450445811545,0.548602466251153,0.0924684210333366,-0.0126132471722352,0.550219834251831,0.166360671678241,0.173110891824825,-0.074576979044517,-0.230612152379931,0.300056287268287,-0.570292725770793,0.224216472142714,-0.041760339206934,-0.43907464714044,-0.165059007219778,-0.142307706606957,-0.130709073024077,0.0347789577875875,-0.0296696486026819,-0.053591210764172,-0.398085264503652,-0.0503042215585716,-0.000169361633897438,0.804239963353308,0.0383991665322114,0.172160193404857,0.00227483377631767,-0.147242976432099,-0.0368591550577718,-0.282630331577311,0.0184714818536736,-0.041401972660383,0.0817214448773962,0.0164471800103059,-0.388311311405871,0.212615926906261,0.472836192801054,0.138357061937494,-0.0772311065668353,0.0718438584717294,0.0578093197423528,-0.109345942886439,-0.00917894590717177,0.25408152069662,-0.185478831133746,0.012990901838327,-0.105375052734956,-0.124204318658081,0.000472573178119912,-0.045387463341377,0.139607379873827,0.0367716815322,0.00592838535974945,-0.00905414941553515,-0.0121130255559942,0.0584534983905298,0.120806122476507,-0.0522316434842944,0.158729386965629,-0.150412109446046,0.0279448426235652,-0.132624086813394,-0.129992469372545,-0.0613007405367009,0.327824180411458,0.0326469925321249,0.0540193258877714,0.019967450219888,-0.0168818782939922,0.13126687776701,-0.987343309414066,-0.358336664615028,-0.0498144739467544,0.00652221656295928,-0.0450590431339674,-0.272207675020054,0.217743192350419,0.420311733173463,-0.12429262159507,0.29937237247414,0.0852447350926871,0.379794091204597,0.15480652703467,-0.582470828613049,-0.20401660653507,-0.0084865749707237,0.0832098970733922,0.0272736165639541,0.10338154448401,-0.0792519754390699,0.0423893693476668,-0.232569208184781,-0.356084148058424,0.244344199990871,0.114213445786631,0.0191523729839481,-0.0470976810129686,0.143589068622414,-0.0564240317824736,0.0839214939771106,-0.243533873534154,0.0282379162205644,0.0842042393628817,0.14025179207775,0.0416075006728769,-0.317190500207266,-0.18039138460527,-0.251660333615517,0.145271345995254,0.19166860106291,0.422473863266563,-0.0880965025123275,0.0103859283610953,-0.575671162664603,-0.181446733005509,0.129284063961668,0.115342108903106,0.0816059648366138,-0.0183694519919988,-0.0922040772475803,-0.0650455962439968
"16",0.0580283718683179,-0.80012125044846,0.413862945021115,0.130271283552738,0.357427337471892,-0.174546410557459,-0.616527744371303,0.515393652669386,0.023110689332921,0.275876462248337,-0.132232808055485,-0.0947724805638737,-0.196301789972145,0.377109038718503,0.379247185959555,-0.209912228211344,-0.199529666485612,-0.195952205352319,-0.579731024096456,0.0711461674298582,0.264741871256715,0.113623526887041,-0.391083031253682,-0.131846475844096,-0.222761332045612,-0.00746946726246723,-0.573396300856287,0.0277667787801858,0.0686542641189228,-0.254310081716939,-0.0685482897537483,0.151122433578756,0.490419662087298,-0.00835535757572736,-0.00488433799030841,-0.0558600658108392,-0.00220112555843602,-0.00977133184250447,-0.029985104090097,-0.0449918733074525,-0.101955174463342,-0.558351696987064,-0.0938453119207963,-0.163164427175925,-0.00291538953033112,-0.188472929689553,-0.0313749111899934,0.080759846645408,-0.0190257401360478,-0.159964963627484,0.0415860224141279,-0.0836535526765686,0.41872625538231,-0.138217051799192,-0.0071953297409769,0.191729967217444,0.363863744539137,0.441750331495279,-0.0854051315691054,0.280054855084018,-0.0625834186547469,-0.0130431793206796,-0.0331633216128337,-0.307813868253604,0.218624011089528,0.188922659536063,-0.0808423206295978,0.469755633035793,0.00519775213949809,-0.17151716809134,0.0173113755343956,0.0217840842939422,0.119656408773198,-0.0156209842938222,0.331305075581791,-0.145110975685265,0.226540566254415,0.0357963013068427,0.0377570345561569,0.492234038856374,-0.179782949436633,-0.0390327505863086,-0.0404780112634529,-0.284512943792567,-0.150720697535333,0.0209920735432183,-0.0353215583184195,-0.339083351553549,-0.197952833773456,-0.10364459271804,-0.0721038635777542,-0.109616484511353,0.0394168204174016,-0.230168334799941,0.342630924466005,0.167246621766253,-0.13448609157395,0.490638093407567,-0.0858600986501983,0.047809079107114,0.0893586159926668,-0.127419268016755,0.0873718004548946,-0.0450498522016975,0.0573492140758273,-0.0287654185522558,-0.101784399751749,0.104052115800097,-0.0010701991944157,-0.0772878857788352,-0.714177051526822,0.330247737635856,-0.0140164058327186,0.00274724666231623,0.396659803069627,-0.129336308139541,-0.178723207021094,-0.672231663749009,-0.051084328570884,0.456417939186168,0.338606923140392,0.0927772065132921,-0.301507105433609,0.108489189161666,0.0109494790480277,-0.189296435576841,0.430948258245306,0.014586035092984,0.806691114444866,-0.165641174885012,-0.0516350728546346,0.184751641279641,-0.00177659797946727
"17",0.164615763134253,-0.289364254259037,-0.194255771534619,0.0314756697972682,-0.307564637555392,-0.21828341184627,0.528092027890413,0.125467312008281,0.197426875972607,0.27270146300192,0.0727970713290939,-0.0465378262516393,-0.0446271433958531,-0.0303215906740521,-0.00200581743344548,-0.0317018393923535,-0.0895516531096346,0.256765035543387,0.0186184068083805,0.21692793937965,-0.119144722703928,0.141859453574826,0.0371838432573301,0.29108604002564,-0.080662845796427,0.0707720485992768,0.193401121148519,-0.152576770950337,0.332453439535391,-0.0116340813335729,0.155920842957806,0.08650494872171,-0.0816256987466523,-0.177687673658396,0.21216766382148,0.062553419866676,-0.12651333328752,-0.179310412741812,-0.0502582538051237,0.117408173647018,0.0168899746843123,0.0812276862567393,0.000817400997147165,-0.0621104484086613,-0.035401351535391,0.0931913795640652,0.171045432613815,0.202363829662733,0.0604466496053435,-0.0377366531044065,0.00379974158959373,-0.138176346164934,-0.11163297559053,0.143640635655579,-0.209478929532421,0.0737422039230755,-0.174553217261454,-0.125857246780322,0.033858384071551,0.346898679941531,0.169313936628731,0.0784939276728815,0.0236179104417435,0.0415438327287399,-0.25590407837077,-0.417232222721942,0.0242334995707911,-0.176530513334821,-0.173154965097836,0.173333634659514,-0.372469190810617,0.0885465973620587,-0.228112875703009,0.122999187717665,-0.880592044585521,0.266937911371632,0.0607508502140144,0.0147347692599064,0.0489787030186238,-0.0125181281710998,0.364452317645639,0.0348171292015288,0.0843119569074147,-0.101041519375431,0.0768239293183184,0.240757858950983,-0.0999812127570942,0.0689772398990756,-0.297291359580974,-0.118058103089216,-0.0167015056979175,-0.0958042536865533,0.0921376890142474,-0.10371396704192,0.287983827446074,0.238252302029216,-0.119021196471432,0.13656324638284,-0.0821914224117169,0.0252858591043648,0.00424843745439338,0.215508692669573,-0.06566612452473,-0.169908866931623,0.0613470021715992,-0.0439068832281785,-0.121714126816755,0.0105204514293927,0.151487218214196,-0.197796422964411,0.218021217788263,0.0162379733881967,-0.145305372826601,-0.232964189649554,0.0168469668906092,-0.077347573883971,-0.21367227166877,0.24795756051187,-0.208408694099593,-0.276450766978527,-0.269671053802943,0.17971611067149,0.319666860117866,0.273768316817699,-0.0223527447124044,0.00493524166204518,-0.183074084543513,-0.0657898620394173,-0.206116025274562,0.106737111825324,-0.0189556825290332,-0.11964330851615,-0.0873303159920803
"18",-0.399950757578932,-0.0814748527565474,0.103606185932633,-0.0171766833048762,0.0469212976834958,-0.060077113776743,0.0468528001154824,-0.0692671569880277,-0.0347408883985457,0.487620507020031,-0.00167718029450852,0.0122097715516048,-0.469069865188079,0.394694351635148,0.0549045087778257,-0.358747244187777,0.0045992340643753,-0.031968219539139,0.495498598856631,-0.548545059487488,-0.33978571282975,-0.00283918866228179,0.00863419627894944,0.0240108163550907,0.160095294371836,-0.440552035668881,0.175282086032378,-0.352989631201924,0.126917680983998,-0.107891460308265,-0.00453513303143273,0.0481500611171004,-0.146850683067217,0.00292602518661124,-0.000125031339909896,0.11177809626059,-0.105590289708587,0.0683519496616617,0.0354022675787672,0.035555769328241,0.00721450786809885,0.00510225755465644,-0.081171243541037,0.0268336966074493,0.0783257462567963,0.012142141682122,0.00913295889162725,0.22519291141893,-0.0179179169973456,-0.0570567138713842,9.12929119912353e-05,-0.00612317251845932,-0.00977431264892374,0.569403975678106,-0.00677636297696604,-0.0062020872182252,0.0538302305013115,-0.00668692334798254,0.193161037864012,0.150191648847565,0.475108136234615,0.485760186915657,-0.00749303192092965,-0.186100853174755,-0.488223992277301,-0.00668423188325365,0.00800252537897029,0.162323758532534,0.00489509952003716,-0.172362166878104,-0.342804456373848,0.491266958886823,-0.141703278197809,0.21622473388917,0.0656335770737056,-0.00119199586642049,0.00153949191032164,-0.0369602992868513,0.106762768675544,-0.0163461745255655,-0.0757166592553802,-0.358599427231635,-0.040279980159697,0.00255391089297786,-0.0549465060538801,0.0723064997549252,-0.0959774488617578,0.486291004408422,0.409831923269052,-0.037869644990306,-0.199504883742212,-0.00126565837967418,0.0614002934275005,-0.239863100692406,-0.238709984241061,-0.00147983652543144,0.00316457584955388,-0.00626521966840985,0.0655363510763743,0.242614564110905,0.0304661006303788,0.156079368260001,0.0312939803730836,0.00650605283988309,0.0320597905652608,-0.321843583687244,0.19396287076661,-0.0640290408656557,0.0316103254752873,0.054916877276636,-0.399992558356688,0.0696636421575926,0.00437429807105786,-0.101660886792251,0.00246965826078905,-0.185004581528092,0.0284684049384012,0.0205868341227677,0.26703870172019,0.092935393559782,-0.0101639549656021,-0.0709446828202611,0.0570121272202519,-0.0183928053810344,-0.396872328380032,-0.102141886518266,0.036945253925852,-0.360052816781159,0.23551333265068,0.3633079101161,0.0303382824365785,-0.398705773419263,0.0643171800719329
"19",0.0118866422174052,-0.787114497819972,0.400789350438752,0.196163096440043,0.395581705996807,-0.360041875328603,-1.22721867301074,0.0467475411397797,-0.276397965813611,0.15261461429038,-0.491674371861117,0.184508212134355,-0.280205240043781,-0.0432274564166609,-0.122005438374941,0.109084920342722,0.049696666533929,-0.144728230012134,0.314631649657855,-0.936605108541278,0.332553491122569,0.37298372205422,-0.0370393982736519,0.0179888138059763,0.461037685655026,0.0942143246323445,1.30695413609371,-0.440009383174126,0.236373705103251,-0.348016215113667,-0.0959769528979789,0.0644962970150621,-0.462685342236899,-0.0011197545409236,0.537718072662437,-0.720677944825684,0.107096434976304,0.667016538736952,0.15368381770287,-0.230785850819371,0.366135036712872,-0.345687178011359,0.417058840365561,-0.0818002364683835,-0.0881428170527311,0.562996888949715,0.0901272062890793,-0.260418756907436,-0.111030394353945,-0.200820840770105,0.445986849473624,0.608045032813629,0.0829296327317319,0.639172253195741,0.331023445659379,-0.545799296011719,-0.618185049450949,-0.64270382440908,0.370453428587774,-0.409610985339947,0.303487194029135,0.126000723392775,-0.155616553303093,-0.0107556980776348,-0.800812759759771,0.494143128081011,-0.336477139404132,-0.148569010919018,-0.223301082156111,-0.133968803609468,-0.375162290240818,0.176620196653007,-0.350928412690587,-0.211807930731869,-0.469243604347599,0.044869053766017,-0.441387557096162,0.286818850002578,0.0629441487582972,0.228017956778333,-0.247735106879814,0.295678655815756,0.0360992416631155,-0.134136073961007,0.418287980115373,0.20421117727862,0.788908076775976,0.25684328249618,-0.113088388023796,0.148231831098901,-0.412106539233047,0.0568014308963251,0.266853680589399,-1.11035871730891,0.250037505811105,1.16880414329832,0.0118500728534559,-0.0982777442068088,0.431433919011181,-0.11358996361554,-0.31605032509294,0.575042166244993,-0.0598756382456822,0.407450315079466,-0.383605982748436,-0.412787340493756,-0.208684264832232,-0.0598587912963371,0.56692406398727,0.419362473117288,0.0619598357990579,-0.233634150464607,-0.39837521179984,-1.04739871488666,-0.160725663898596,-0.21252883091431,-0.35806193211716,0.126503426426016,0.270157169271007,-0.153820749739827,-0.255552840165886,0.0906272151273294,0.00749942594419674,0.200586185901854,0.310751966065283,-0.0844187452234339,-0.356903416608274,0.122035955526375,1.13782533592153,0.43222056413191,-0.335949873260164,0.325069475800384,-0.00342295180623066
"20",0.239295385287648,0.132156732512471,-0.476964613909144,0.0253848491454376,-0.38069434882351,0.489885728887081,0.970484622763995,0.104405089501834,-0.0474291151627672,-0.39466072318719,0.720060463912263,-0.305435742187285,0.101105087325359,-0.154460165257367,0.182162741344866,0.0810889964222416,0.462632713965865,-0.105386585317106,0.563556474280038,1.17231703544825,-0.0918556455296999,0.0823739596274767,-0.0271982922331624,0.13534633286575,-0.267477924097607,-0.21288307027859,-0.11211442100465,0.0628029640892841,-0.377227448095543,0.124572687063337,0.180677484175895,0.0102860582653617,0.430947667533238,0.538003012654499,-0.301083966793299,0.120131109428437,0.0788748484805912,-0.465912614174482,0.0126636346478286,0.4970866392069,-0.489397204974086,0.711778631955675,-0.201994679680819,0.0240025236937248,-0.227916115198819,-0.382035837586896,0.156411772510128,0.38765575340693,-0.40062558118145,-0.179665911634184,-0.0279097023966065,-0.408422617000238,0.0231913923225726,-0.376955166870911,0.000768264052475223,0.629924403764736,0.973835564783209,-0.055634553686904,-0.0998586218970687,0.635805924554358,-0.0460501081954079,-0.466460857306563,0.155073092788976,0.493643532295627,0.262305630412834,-0.513878816538107,0.370316528451423,-0.338033975478122,-0.338376930538615,0.41021954640898,0.0950318710592866,-0.0470050979032195,0.502711239572085,0.637713504828231,-0.616897126460375,0.0974375467002083,0.136883979278384,-0.627830778963245,-0.0257440942623575,0.154295092748819,-0.121158558387451,-0.707045575060812,0.322055426881965,0.382015766949189,-0.0734749853970297,-1.00889885685913,-0.140686305842968,-0.941421379259838,0.512646456016472,0.0953805613293174,-0.267833039020359,0.0771935979067745,-0.013083911386576,-0.278961242927504,0.0440565713667578,-0.730264688465816,-0.28108219904056,-0.283190973891769,0.447676316970051,-0.0784012311491914,-0.341622649882141,-0.767774795229803,0.182877184019338,-0.161857124539531,-0.648985142452158,0.541888174147048,-0.216324358842884,0.142039827989062,-0.276378417335258,-0.213890473884523,0.0292024131706184,0.0866239239265212,0.463725726952297,0.943224349858425,0.266840003656604,0.221566819801622,0.355216105413006,0.47672035551051,-0.0736969724471072,-0.540046958639819,0.325651687044031,-0.357878241341538,-0.102883330120459,-0.0730310510362889,-0.00401501043307581,-0.445865291775105,-0.336855426236763,-0.0366331469580724,-1.09889090048033,-0.475851732443547,0.0189113590939889,0.306153672267577,0.0704880098779571
"21",0.00595182141159534,-1.55584273390325,0.0650405761472377,0.152584009837442,-0.116493139402212,-0.191577102260691,0.200804762284293,-0.373326559350799,-0.395315621304629,0.102435750715294,0.0637427838369917,0.301529804302349,-0.255383554738229,-0.014381619545066,0.17914501040965,0.00463687557720719,-0.176746891325733,-0.0906047645049337,-0.15753348280465,0.229518523043707,0.304132984298279,0.0127653591261759,-0.0994324607682741,0.109274837770821,0.104620574183947,0.18214841161382,-0.256928270079236,-0.367507150083351,0.182848788256302,-0.336958380676409,0.103796608565714,0.321867804814578,0.00514066646412372,0.284697453195779,-0.230555003907012,0.208878710043444,0.205665869128178,-0.109882769591133,-0.0517263185612819,0.132938333187949,0.377774299071319,-0.0323458229218073,0.0621029381958554,0.139730977386002,0.310448273666882,-0.0875414865205562,-0.149208867405376,0.21540033752629,-0.612715660286788,-0.073876730283319,0.276984971293449,0.130737587051111,0.0259670808047494,-0.136654133444421,1.09776757968282,0.17638210943583,0.0879774458201667,-0.106460097648718,0.208976825552224,-1.29594221877694,0.202831149566613,-0.176530367212182,0.235131276002269,0.510252689414855,-0.754687264240865,-0.688320940434625,0.230255479370198,0.234159304870748,-0.404177607483572,0.178762449994034,0.241767243724089,0.184953699551731,-0.0165020621347636,0.232994646469725,-0.0130722062250202,0.101533054995173,-0.144175905105793,0.0593284727409584,0.256012895185381,0.232583212624656,0.244298822369382,-0.210597932844998,-0.290198041229498,0.112048833217783,0.222198255761635,0.225110383630028,-0.108149349955535,0.60817615599611,-0.608683704966235,0.120797973409499,-0.00355284999533031,0.238681014409517,0.040640714259649,-0.293571306023545,-1.17713527866847,-0.347361177828229,0.402139326113009,-0.731585749612577,0.334264855698396,-0.00684410951823698,-0.090061413352732,0.50801967231146,0.485813470299844,0.141702266089515,0.359599006037734,0.192768593404787,0.195407213179359,0.295975475951346,0.17723378087696,-0.188671259771492,0.120312690084819,0.203459309982565,-0.175135239828904,0.288098436009542,0.313698205789924,0.0864536097705687,0.0642676723822375,0.0261946593370512,0.232228799685488,-0.197636177948691,0.158216815004267,-0.382436061774046,-0.343348710339965,0.306779195940126,0.121247406465512,-0.283719920466365,0.021665063284061,-0.0792236549373081,-1.23675549702916,0.150239805175198,-0.357663214230312,-0.158123697721521,0.270141740834818
"22",0.207691326607351,0.143967764422177,-0.152243898979735,-0.0286571364189722,-0.0823885618461724,-0.710320433305214,-0.19089461208847,-0.0129271942442627,0.0223455838306767,-0.0435542775312106,-0.149167681335406,0.128307020540036,-0.276693154452406,-0.084470369067533,0.0135754277201605,0.190092696168495,0.0318501851307015,-0.100813396987335,-0.011037712994389,0.298638020911499,0.105452025582132,0.210334274427587,0.18767990730239,-0.00566187823710263,-0.199567653163818,-0.0502343431769857,0.152689940672383,0.151355869478732,0.311150648891996,0.0433873484530781,0.0161381951470626,-0.268282245913191,-0.184225207328574,0.702651835095613,0.0980489355317828,-0.0702544100575441,-0.143286127453407,-0.0840211372775811,-0.0353356100180582,-0.0424039998242079,0.0290816443528413,0.138320287430058,0.139886438939987,-0.294982882711113,-0.0485585288869009,0.26170635385195,0.276981538115111,0.102761751734962,-0.024852619459005,-0.406378259783914,0.0929026712852657,0.102915943191738,0.0113459565061202,0.243977213834726,-0.226263271829387,-0.00083833991167409,0.000259956843123521,0.0534508309688572,0.249717541732717,-0.0989259371203413,0.0437181031643233,-0.129133315653836,0.0264719004416076,-0.614574468460935,0.191411342259068,0.0271460909017986,0.0321124135208849,0.105802623045953,0.105350749337453,-0.421051086645268,0.0128734298139376,-0.0624887339028941,-0.0436716471000551,0.247698380545554,-0.159557107399976,-0.0291213091908827,0.00749847570094754,-0.117600335644767,-0.0379897499860568,-0.0411748107285135,-0.985229807345517,-0.132838945643758,-0.109004323560787,0.0802861635812727,0.195758611479826,-0.0142677543997189,0.087356193397309,-0.052901977601982,0.147792854355173,0.136093908179729,0.122836505775093,0.286161241348023,0.0527746602553726,-0.0600207118597847,-0.109890071869836,0.10014023783715,0.100925130631876,0.016704543781937,0.501124830788973,0.181455183233535,0.110653957013109,-0.134967965202589,0.0236522282127441,0.162486268935635,-0.0577389952447949,0.323741126163977,-0.270974314460454,0.069799959493744,0.0123346132529698,0.116882837866986,0.195418375122596,-0.137780331322945,0.204296632545566,0.118908436433216,-0.0190097746312692,-0.331910095517809,-0.277155538639035,-0.0506313541780915,-0.103443458508459,-0.279496806820349,0.12484223676582,-0.0332089755279206,-0.75230731643626,0.0852319956376593,0.222366153624049,-0.175984285486648,0.117499950786901,0.125959598765742,-0.100573833703329,0.00248399211893804,-0.0630301269565484,0.0906188743108624,0.300634265899782
"23",-0.105422333714002,0.0107897974698799,0.189214832735877,-0.204741392194444,-0.254071586135924,0.19203031469943,-0.1067149339117,0.0660240291319889,-0.0709742563833284,-0.0258111598105018,-0.161995091182131,0.00715847043907522,0.129798491538985,-0.0573749864018722,0.0195125658441983,0.343741599192461,0.298906518301539,0.0648098002813595,-0.280602406506541,0.19145629510761,-0.20703146709369,0.371035854339475,-0.32658051369447,0.0324003963584727,0.117284037689519,0.354870531742076,-0.350667760000274,-0.177329962604843,-0.010391836370922,0.00879315615343876,-0.286483586768581,-0.111835451820201,0.207360713145455,-0.217942972513269,0.0224842327214127,-0.117495754244033,0.0725507858746156,0.0632895891814122,0.0144707041048468,-0.174235488449592,0.0756637532153341,0.154225367055296,-0.0107008175105238,-0.0520630444016124,0.101725414481611,-0.280348130106017,-0.149101493475126,-0.122644669696383,-0.139803380899076,0.0467454878843004,0.0786167009226405,0.259029692452568,-0.220147501966394,-0.0341284499125114,0.00987922413130706,-0.0885701012998282,0.0306182611506303,0.0470671153845701,-0.0779556287389399,-0.266576145699666,-0.0792033132784497,-0.204865757058483,0.12877350381157,0.142109558642565,-0.103716762580152,-0.442320001525126,-0.264325969066547,0.103105784233887,-0.120441582991394,0.0569996769231431,-0.206096095262002,0.156967655949572,-0.205476634388758,-0.0559496401597079,0.30905588234093,-0.0110499782931005,-0.305706532907331,0.00922625564151732,-0.241293655055045,-0.0503097269251419,0.216292904105715,0.165618382591166,-0.0278959041756727,-0.00572395614752773,-0.11989133645881,0.0540763625923134,0.04950593362966,0.0347090272019787,-0.256147321435958,0.0842141635394286,0.222990303846349,-0.0303551603177877,0.109125713203679,0.415750049876319,-0.114463815176825,0.292542669373471,0.258725421801004,-0.40264531436255,0.132464682110431,-0.0303339602452291,-0.254754211300535,0.229206982732127,0.116022250819322,0.0931134306723273,-0.00979420187051613,0.264294219831776,0.166196519364112,0.201745762838698,0.199738916239095,-0.109589275022651,-0.145117540262924,0.117396632543245,0.133818162640327,-0.00120693580393047,0.0266262518790408,0.0347208868955175,-0.146891427297764,-0.103412017890364,0.0774514675213261,0.121089292049953,0.0711793902822575,-0.0494391280131035,-0.0151506314003327,0.272445353764304,-0.0554882128021035,0.39628807300666,-0.375998069063386,-0.0736239597838666,-0.0705094894760747,0.031467308842432,0.0254929703371148,0.193749917767773,0.0830783671319088
"24",-0.111493828267973,0.0045725093962226,-0.00174400447311841,-0.00433016254414817,0.222680310567032,0.172222158550035,0.00104954889442988,-0.0112608207435708,-0.00255123581259136,-0.0011326907294381,-0.000422809407506794,-0.105788142490015,0.253218828791042,-0.00324930032322888,-0.0916964800280392,-0.00234744619902023,-0.134936684598701,-0.00190717419441365,-0.00336306367478927,0.00216153426000727,0.23922372312538,-0.000715746351202107,-0.0875473259534417,0.000719864278155849,0.235522837815984,-0.00177337457888639,-0.0558670444035903,0.001365254998437,-0.00313920968024786,0.00647269740689715,-0.00114328609527738,-0.000506509827847621,0.00544454126591631,0.000737637437990749,-0.117284474018035,0.00157976800226915,-0.110664822996962,-0.133413743652837,-0.111134546717533,0.289902340187429,0.00181874411901101,0.00128625556876255,-0.00293149121787735,0.000774311982237547,0.00134909475154744,0.0030609778491244,-0.103593832038767,0.137540934527436,-0.00451702413521602,-2.07463600455634e-05,2.3014521549159e-05,-0.10748320687803,-0.00246405908381436,-0.000734332065486989,-0.122642789611153,-0.00268664875251372,-0.000323573736885552,0.00241773135226631,-0.00309841741581705,0.180781713743068,-0.0950812557982376,0.000964079486355693,-0.0810491007588554,-0.0275772005369804,-0.0731890437938445,-0.00168506399189735,0.00413206560556645,-0.00126911537368631,0.00123403198483012,-0.0822759094288109,0.00411000573662337,-0.00240893194688285,-0.00403619922034819,0.00590588760480021,-0.0887653688815699,-0.123487024529339,-0.000551033337045746,0.232174091446068,-0.00433069136780875,-0.00574275220476706,0.000102361264824493,0.00101133997022563,-0.00296308277852489,0.000643829142888667,-0.00376762744047794,0.0045809748797726,-0.00838591982634217,-0.0884181477646942,-0.00571887937072693,-0.000734276512715902,-0.0967992577394187,0.241564589220463,-0.0906147197280335,0.00228167923585946,-0.00255602099507074,-0.000373059954598854,0.000797774958567531,-0.00157943294741407,-0.00709337737394581,-0.0914372366375357,0.00768036328517929,-0.0027393246717062,0.00788906794540399,-0.131853629557584,0.00808212515855931,0.00012846169331174,0.00464960138348082,-0.00319844366083756,0.00511361230618592,0.00138951452674565,-0.000807417656481511,-0.000428219843342575,0.00110274034445721,0.000153793483757596,0.000622589443370456,-0.00137900804960331,-0.00270699994733313,-0.00156267209088712,0.256459226229956,0.00303642233012851,-0.00256228611259277,0.00550391187485853,-9.0439027599943e-05,0.166823775849697,-0.083744913008999,0.00624126918748557,-0.000410157110095982,-0.0709815149119466,0.00558619249210154,-0.000510751179808073,0.00369734748372778,-0.00252919175837868,-0.00228431106244058
"25",-0.0365786842653561,0.173079080581331,0.110489660508564,0.00672145739227247,0.258958323132264,0.0232019012860558,-0.819660250925653,0.203018821317014,-0.175859233354878,-0.195280968410139,-0.25460085720074,0.0726367814851086,0.294496093656323,0.0430591445163309,-0.118131105495685,0.0185782175559116,0.57014388634489,-0.199310636535106,0.169285943666099,-0.062467495844015,0.0916363329476293,0.141350777206412,-0.0939861766593815,-0.182374752413052,0.245827226079084,-0.242382902588746,-0.0605720574351371,0.183531937689104,-0.0873777035406339,-0.03516901730172,-0.24708319538201,-0.118690609932083,-0.033422445622002,0.339591809011762,0.0278508127633769,-0.295259595765474,0.222739582287185,-0.0123303298298001,0.0742758749704572,0.0278951692293761,0.00472885074914101,0.0886109024935901,-0.0318884258397084,-0.0891129715546758,-0.0952627011266563,0.0622481498365272,-0.158933940933629,-0.166331283237713,0.0542720240475235,-0.0376083230785125,0.0116829032672162,0.136470989263926,-0.0288985971448004,0.0448798681054757,0.0927335424859237,0.0541495372667993,0.0446357842463759,-0.00466114930790174,0.0680631407584661,-0.0698627477503711,-0.0950055418239748,0.186175800193028,-0.27263883372252,0.266367638801408,-0.173918807854931,0.438240292463806,-0.051622174038072,0.206455194603262,0.247453217588852,-0.21327230682169,0.368680093688758,0.172981021289765,0.203319514594683,-0.271145109433384,0.683931626852725,-0.244711713113286,-0.00585864532717727,-0.00902462778170795,-0.0642427330524409,-0.0955675109591043,-0.0981779625721921,0.110553205922994,0.00127398296591219,-0.103500831987731,0.0273294842750447,-0.44159484776623,-0.131017473285972,-0.0763138470514299,0.228555937873725,0.145679121132018,-0.0269325877046083,-0.0785412336667516,-0.116573606397968,0.0466544939848506,-0.132029240982715,-0.144134964292883,0.212567331059996,-0.307751839988682,-0.275927988162174,0.108114845524955,0.0176220058063285,-0.276450332374861,0.0489911302060656,-0.0528971407211522,-0.214015107761708,0.23157707097761,0.418032270952261,0.137108589960431,-0.126598466183325,0.149723679597125,-0.417640991488094,0.152291026593481,0.0755054827934172,-0.181271676324452,0.0204194337669451,-0.153356618063199,0.0445434481278733,-0.19763105978077,0.161845409390687,-0.111735255458209,0.359898011806923,-0.260639321161973,-0.22461806604788,-0.366526480352503,0.143450311252086,-0.280576058604111,0.106750465775749,0.289128188625386,0.0545738800484091,0.0114902666297843,0.107684352508878,0.0909469490944118,0.00979985770937666
"26",-0.190019387941415,0.00271189692090104,-0.301927659796451,0.00948425489261444,0.259740390290481,0.0219383625297882,-0.00115391541074963,-0.411083848662863,-0.126595110122944,0.208478275986229,0.136518603794409,-0.131125883020209,-0.351915400235844,0.0961628369482928,0.174899414247349,-0.188124702076952,0.217809107269132,-0.0344351681576171,-0.484317940117724,0.0407444487059755,-0.0682333405181046,-0.126316629791904,0.13301809188514,-0.00433086429084032,-0.0954775364695181,0.0296873509604909,-0.0937020527898915,-0.106358489497795,0.0237717589665248,0.197501835465375,-0.0613755545422676,-0.0752722902231505,0.0800107067904285,-0.253849164154561,-0.112123706578526,-0.0439095082116894,0.00397327046703503,-0.015092549421098,-0.0503623872889716,-0.367071732514541,-0.0558385742333633,-0.113295128102241,0.0219774800794993,-0.0359832857606725,-0.120210772296637,0.254170903542488,0.218183296790409,0.17910897147209,0.172416043524083,0.0411615494753515,0.0295915870661782,-0.127274971335494,0.155935133900875,0.285562200397769,0.254639908549815,0.0427234960820012,0.000905265767129759,-0.170563887131283,0.0317006582840009,-0.0715293894640299,0.0783458683408727,-0.0878106794815217,-0.213274225519931,-0.401937175371092,0.0703196213501681,0.22073172611523,0.12956981506441,-0.231525576677145,0.127997765086741,-0.0593304792452203,0.126127157061615,-0.0448839021740787,0.437606843531079,0.449661002687254,-0.161275293373653,-0.00633160066624226,0.249924755895758,-0.152653786684634,0.0908282567509211,0.0442830640911792,-0.0881061606602387,-0.135891619070365,0.222192518619639,-0.0544694081251394,0.108668669882991,-0.309736657338828,0.278172948069444,0.033685728114633,0.260826104088386,0.17700496334244,-0.470952053794307,0.163035622833755,0.130750591987574,-0.128780374968191,0.470476605966235,-0.0743554348873362,-0.0798127380444917,0.213188284255502,-0.151434839593555,0.0402924250891397,-0.0306575293321137,-0.279432709832755,0.014751410971071,0.0943173754485318,0.193534394352828,0.0903385593766716,-0.739487456701841,-0.0468111416561931,0.106601301132746,-0.0214516035958308,-0.226284719611409,-0.0395561522424479,-0.123255666657017,0.153273409218143,0.109106667762464,0.354538983847087,-0.292521390473403,0.347634425049293,-0.213427446346181,0.193065813643522,0.211571493044058,-0.0437525358932179,0.157053811472621,-0.232809457775005,-0.013082526857387,-0.0193531998925804,-0.185374714986288,0.296908550824718,-0.230058726507814,0.335549471506687,-0.0507430082525518,0.0669258853717361,-0.143896169848434
"27",0.252736898178376,-0.145088500070836,-0.11821152214476,0.0638669861815455,0.0375128578420601,0.0448690162858601,-0.207775598134147,-0.714611897445285,0.0934429334351618,0.148266061571046,0.0115862635810584,-0.127557131663535,0.0621737952335948,-0.252393058977454,-0.0428553031931542,-0.037262840837861,-0.000915451202976846,-0.264705613197919,0.278992263106731,0.311114242403101,-0.122652133166643,-0.0233345166701826,-0.070461733335742,-0.0624690535184579,-0.129484406915146,0.203926081487055,-0.00844451625664474,-0.111206173379246,0.310987958860339,0.0336194034808237,-0.0145322510880293,-0.114536927324805,0.14320386379291,0.0855784230641663,0.105061587121531,-0.526586721688935,-0.150561539370493,0.0930968944827882,0.023753784387944,0.0481325747809306,-0.201287404159335,0.034219767979981,-0.0711679836707877,-0.0998544857381947,-0.0579984395269931,0.149217114741104,0.114080304440713,0.0606580645617651,0.12871141044257,-0.049754790603356,-0.0271413459349876,0.0157628103295756,0.0250620109399791,-0.244777122764377,-0.00195726303730587,0.0468936660211978,0.228099676926881,-0.168200599356032,0.0551334979466634,-0.157815899080897,-0.0907602963540818,-0.0221050780039302,-0.057617346648803,-0.00505704873198364,0.00763976268023469,-0.174815988293999,-0.116949196972076,-0.0248999729782608,0.27712546350874,-0.00122445806058956,0.0433441525955632,-0.142928620754286,0.0115643888558986,0.115868637191158,0.213275301860036,-0.167559306524782,-0.0581782731220286,-0.0636728375649453,-0.666825176165465,-0.109839127817588,0.173690219571078,0.179711865089868,0.0741764886770401,-0.0189696225582282,0.0449658777786156,0.0251687875080333,0.339720863448897,0.213524376773262,-0.464019751042702,0.0232460240025173,0.434396217469318,0.0669273231639677,0.0646040968384851,0.224740437882261,0.268043144470314,0.315203979717214,-0.408888282616622,-0.425823549619353,0.307271137751532,-0.136435550969268,-0.0239419821591409,0.051161404582881,-0.277110037218433,0.0448532193952312,-0.332672731553514,-0.105422290214019,-0.0835651888669415,-0.0381292920101718,-0.112365764477268,0.165751265384904,-0.519549983659296,0.621520422137745,0.0971221890214663,0.181322140624771,0.0637515018252024,-0.0105045705193911,-0.191717661790681,0.0986657189319495,0.181142422096372,0.00428430262637802,-0.00897053403058176,-0.00750611044573668,0.758543992386484,0.257717009654963,0.0877266387300866,0.0432163033129949,-0.0265217888314047,-0.225032804787901,0.214861283762803,-0.123494936604298,0.201718130602778,-0.162014590302084,0.023365270205171
"28",0.0474349761209835,0.209680676685027,-0.0218011279986144,0.0399697917224474,0.13424217438472,0.0718522695889473,-0.0649701327297886,-0.0276561271761343,0.050538475402081,0.134618396086127,0.173806334089854,-0.170191432441264,0.0831058901199083,-0.132381955319893,0.00912024097724277,0.0949886465625488,0.151020702681491,0.0240752360193192,0.0343317417280531,-0.0220400767272075,0.0548457843163409,-0.0618348154958427,-0.485899806340708,-0.0714361496012958,0.268025523944427,0.0201882806282153,-0.223090279606403,0.0449909422583174,-0.0651754295027554,0.00386262964755115,-0.135797226132208,0.0590008817134945,-0.0678652827656186,0.161161932981332,0.146150780905934,-0.316112187802234,0.000617231238877948,0.173344068100986,0.183748000281816,-0.255451404355335,0.0819696682557688,0.184675180887086,0.0852201389969032,-0.196433659634359,0.00137924723252055,0.0937453079270465,0.187339957886889,0.171099242314614,0.282204433526024,-0.251037047234486,0.111862817678872,-0.0166345285884923,-0.0602258664858202,-0.0680909983753519,0.212471627914238,0.000985384959547737,0.218900130529243,-0.584436306725613,-0.148599158440852,0.0244425337610177,-0.604140675399722,-0.179917957523315,0.379948468722756,-0.121820998771713,0.00204429401179165,0.288956580192772,-0.196999071623702,0.275031995231611,0.00868760793243501,0.0964877782408322,0.0750732116663087,-0.10843805802328,-0.149392501045043,0.0917138915774867,0.244710158104247,-0.120317707400666,-0.118291054811961,-0.0812106435086996,-0.428140216010942,-0.133575824517352,-0.180040432792915,0.243197590291225,0.141191136344302,-0.057164707051641,-0.0864529826115153,0.181282092152727,0.0669240149839014,0.085964031333854,0.187334132245435,0.0922252090228274,0.10727752531958,-0.0280222267592075,-0.0998715317502015,0.12318490610442,-0.14834762978835,-0.0268100408443998,-0.0146182812742481,0.0768829701053319,0.201821934138815,-0.0178337534582674,-0.110165553545614,-0.0600540483388367,-0.792532072505635,0.267577004323807,0.010569134014267,-0.0239845748211817,-0.666557763087017,-0.169659226772006,0.112692449291952,-0.0929780828573584,0.129223417584553,0.130245833062617,0.0112444294275867,-0.188515467556506,-0.00647944559993324,-0.17937662973795,0.0135239230909421,0.0344952332911365,-0.356953303025377,0.317286586215621,-0.01506908914128,-0.0192177744572869,-0.0419817541944513,0.259985651511442,0.130484579149135,-0.188542184438349,0.039838156184382,-0.055087303897723,0.316660567812004,0.238933154864915,0.220431514554335,0.12932045407917,-0.0477473278121684
"29",0.0282754336187899,0.0187509595491012,0.148446391600721,0.0618540277063303,-0.259263439648542,0.0101886473347254,-0.271013395147328,0.399804707683679,0.151639642268009,-0.265125625011883,-0.207835170804897,0.0231695664618507,0.191071498383837,0.0340800306984958,0.112044557177301,0.356996099292648,-0.134004679133164,0.174897459895966,0.00634245205429064,0.0174976457933467,-0.0993382070655316,0.194518429391907,-0.0704671964837179,-0.00584651014455795,-0.053598951231591,0.0930437786269815,0.057757815453119,-0.0320383925019405,0.141894146233557,-0.340634111381471,-0.164647473607815,-0.0367907006523223,0.239806915850571,-0.00292261185481511,0.202142482278005,-0.13689479531127,-0.0430596461829574,0.00234952241360504,0.000198912826433713,-0.000749988725983472,0.189816111155166,0.294278070566192,-0.0543424463248354,-0.0236814988641216,-0.0178778900928004,0.0797659561069221,-0.3209782099523,-0.513896935942913,-0.46047512402503,-0.0197652842995049,0.165716581730194,0.18918629693748,-0.195216178350274,-0.127514010851583,0.0990703787770128,-0.0652199876535619,-0.113197740992732,0.151561344971053,0.00956486243633963,-0.151510413304347,-0.174524419240866,0.0699497480178938,-0.0251467713906869,0.182253871021444,0.284688829774095,-0.231135550698714,-0.259818773689291,0.187981595109078,-0.187739291830984,0.0734362436989758,-0.0981781877437514,0.136812575682605,-0.216418714293385,-0.0830884881165091,0.497793429052608,-0.0116788644612565,-0.235787628334485,0.0658053063711123,0.00250462782335643,0.167011599801767,-0.0693652332270248,0.0273810703092651,-0.256867068486808,0.149245361452102,-0.187322183504706,0.257010883102868,0.0176963013016209,0.00926993953715144,-0.125628080339057,0.0629567515316632,0.151846674859055,-0.190779712019334,0.13960924081975,0.30363327442535,-0.296372151167397,0.370705565999894,0.200570346661149,0.129420616161547,0.0844671388048181,0.0506444962361936,-0.284825495321918,0.223200865142173,0.240117314517738,0.0213475441002683,-0.0883564106512216,0.15452289791746,0.0163362006379928,-0.0351512967542689,-0.0708851000838693,0.0689473398141822,-0.331568337628144,-0.230099990786518,0.0330927694546216,-0.227887634992866,-0.0881948144481919,-0.112904896659476,-0.10298342458832,-0.498719189987591,0.28481496604591,0.257023404935621,-0.151032558222966,-0.0266014427216804,-0.409981095607097,0.408850393233642,0.168432073770387,0.124635721010825,-0.0377782054878541,-0.0870426928669877,0.254799915397144,-0.282447568706743,-0.10885829528561,0.0920406685693705,0.196487897512905
"30",-0.220221761115913,-0.0158935701136512,0.159050634876364,0.323502610812834,-0.210915324660334,0.113056964996553,0.0805182367571413,0.841781526003105,-0.00797842462965617,0.0448895699865712,-0.246696259848593,0.101685053530206,-0.386157216551061,0.199574646250538,-0.0733878669690996,0.0223972080440941,-0.242228905594199,0.278372858096355,0.281836310291027,-0.118684202301256,0.00140473530098502,0.183474540003317,-0.00561710468188468,-0.0287144941608146,-0.197982412223936,0.0716463635169859,-0.499649686270302,-0.0196678991166524,-0.109886116330752,0.026855611147449,-0.055435329445779,0.0814298194747014,-0.65872459094009,-0.134164194053439,0.0642190535438673,0.414832429274427,0.0142512164200999,-0.101247711300889,-0.0700169047718248,-0.569863968064074,0.19203762810916,-0.118436553201456,0.0662735265322139,0.0591643708489555,-0.175139195763641,0.083421111673171,-0.141847224708536,-0.0116917334718903,0.126962594220737,0.101753116255895,0.0452440777998171,0.157807538633471,0.0820848922481116,0.397241389891312,-0.447838815110797,0.030106687750468,-0.269040293740443,0.056300632773784,0.0692483294031673,-0.493232007408287,0.0567743649349708,0.0296993030827244,-0.0101941926531971,0.0048641674166994,-0.181891103751407,0.28352030990924,0.0741008168692798,0.299019692933162,0.00643410396428789,-0.120030965476581,0.0338290392002956,0.10155872816927,0.0383533161946051,-0.254510460094652,-0.373837105812697,0.076586923356273,-0.119726761714854,-0.184460022984541,0.383661548634917,0.164598024944614,-0.234143507426243,-0.275333996202743,-0.333724366214235,-0.247500509909783,0.0104294161572768,-0.0458046109317724,0.101033779425623,0.0800909389662467,0.376644886795144,0.0209783147357294,-0.186210709373981,0.0790051400674163,0.0744184213296809,0.340991297468612,0.272602256994786,0.36301857661861,0.0672881016792848,0.86135533190424,0.228529427934121,0.095959414000317,-0.0378675221172923,0.0807745510041182,0.114539976616027,-0.0293356129190034,0.168806058905748,-0.258226272775817,-0.032612189778633,-0.118857633149984,0.0560139146735216,0.131499066076542,0.00301506482052305,-0.240002810084684,0.00949329694802535,-0.139537605584579,0.0368584220013724,0.0380892428757539,0.0937013827277105,0.00652888565002632,0.152608659027177,-0.024996363101745,0.0512940556030117,-0.233409389348525,-0.0891062001860767,-0.0525620013527825,0.0937288515130484,-0.303573323476569,0.0547788689906892,0.147827405366832,-0.570140119042222,-0.0422604192988856,-0.0598257899847829,0.0491495469004306,-0.156436846557966
