"","Intercept","layup","dunk","hook","fadeaway","pullup","running","driving","reverse","fingerroll","putback","turnaround","bank","point_diff","tip","TOUCH_TIME","DRIBBLES","ratio","jump_shot","End_SC","End_PC","LOCATION","Quick_S","Clutch_T","Garbage_T","SHOT_CLOCK","SHOT_NUMBER","Player_ID"
"1",-0.276914008432236,-0.0700516642177627,0.0556282399265702,0.000543557972682589,0.28307965231151,0.28509217104812,0.0404776606449711,0.421653424439271,0.0490351794765937,0.0438925631515092,0.0255866720062609,0.130590736054586,0.210328773365559,0.225104098804021,-0.416804876031018,-0.220741652357372,0.196446615085607,-0.22844002001755,0.00206312150301501,-0.146463410397794,-0.165376561076011,-0.129157639576812,-0.191322600885022,0.317648704214824,-0.041761205784067,0.0887931056196,-0.262609918893752,"1"
"2",-0.608534181894406,0.0240382735110244,0.335576390244878,0.0344141983418675,0.688971530847697,0.677453671570689,0.213307135315279,0.173690483743,0.414347596988117,0.0589814102708629,0.279620465843775,-0.144620150716702,-0.675241379796011,-0.227777283415786,-0.137551364149496,-0.923524509875039,0.130214618255139,-1.66620631000539,-0.153582727563239,-0.0294142677932277,0.020341792460109,0.0904193444402331,0.0109993449840829,-0.0819636619791829,0.10865852826166,0.0728858315593986,-0.00559156748802239,"2"
"3",0.266830492690415,0.092528334826241,0.648083788294509,-0.123892596856757,-0.151191585797289,0.0880681362672785,0.0975276345332763,-0.3041931194725,0.401442331218574,0.377833938634972,0.293347960438583,-0.0109305203541636,0.512807057596639,-0.13017814939574,0.0554904744812359,0.14001521726591,-0.512785746240465,-0.173567339427631,-0.412916812742245,0.151466802300997,-0.00891948335168343,0.0166191226585238,-0.305597685687184,-0.0504704294268493,-0.112173415395624,0.212162011667888,0.11488992467215,"3"
"4",0.346228222264766,-0.0135510724940736,0.610917169417381,-0.0636602446549873,0.0106362224194081,0.0141712365107469,0.0862583739713214,0.059233228629424,0.242286751685893,-0.0353064829556951,-0.031991259714718,-0.0621867651023422,0.263892225759003,0.0900111986607893,-0.0459094210771829,-0.0324752878269782,-0.0296323406755635,-0.0735441804994614,-0.280254268871133,-0.241743200995809,-0.0115735530569822,-0.0838244478935743,0.00478782805220115,0.129062478073877,-0.0475426148046342,0.124181596159219,0.265375051440072,"4"
"5",0.0894286954472839,0.20937388642133,0.328437639709036,0.0805695274036099,0.0261508526367926,-0.0190581765434711,0.100979048826733,-0.0752412771297322,-0.012143447170809,0.434368198590877,0.412967551515733,-0.265489348289882,0.56029476760219,-0.246646347148226,-0.00196311411004723,0.173963343704324,-0.431282498016502,-0.347235996962012,-0.349360841040244,-0.294478799405568,0.179247784818756,0.171724448843081,0.257921458141671,0.105416000052267,0.0460919268833931,-0.198080345995745,-0.253765645185314,"5"
"6",-0.434295116106468,-0.059782852940007,0.271093816481031,0.00617314373037397,0.0675596600886523,0.0925527645610087,0.495894282094636,0.314572860235144,-0.0257791979800584,0.328893599872703,0.0822601823816747,0.0216071541712839,0.0124117265593958,-0.154967291947967,-0.0871147231938414,-0.615707782309453,0.49802947951517,-0.422422960813134,-0.864959183614615,0.148617433240269,0.121110647711265,-0.0662600324839313,0.0178783651349006,0.115495059782056,-0.0174019342966144,0.0742248539361052,0.0687865966311997,"6"
"7",-0.0728421675295376,0.346690572868397,0.965126837068261,-0.223530154389425,-0.0168311244639451,0.329820565795995,0.22597491594645,1.04860357844882,-0.266978836674614,-0.0578865159248817,0.0435152998513517,0.267596365634553,-0.506206871881651,0.578078616729504,-0.00349290068999703,-1.42373872785425,0.903565658554014,-0.00616853082257927,-0.455439188816797,-0.140435121309163,0.00243493348166163,-0.882847918431496,0.00484257371929105,-0.138725635223402,-0.15093734016706,-0.200936924498868,0.048221371522315,"7"
"8",0.866515514556877,0.142032678413309,-0.174071124883743,-0.159324359213707,0.0669482052273647,0.667406995567613,0.0332147013174694,0.91604103589771,0.218342529469471,0.373975854852126,-0.0800654628663512,0.164109608211684,0.633302339731363,0.176985979817213,-0.0751315599146954,-0.133573002903997,0.0318472384444475,-0.537902933972955,-0.154418778114452,0.0341219484864511,-0.0289654702809099,0.112876658651571,-0.392279565047161,-0.677349832921097,-0.0999147768564169,0.440861939576154,0.676402789582606,"8"
"9",0.395626033215361,0.128577101550095,0.426203193589975,-0.0425496751762936,-0.039364567606052,0.36450190291945,0.326501202187383,0.628614035354927,0.387810287061918,0.352451034822746,-0.0817041846245772,0.27937981183162,0.142349278836371,0.258038609181841,-0.0922989894119494,-0.529660196783052,-0.0930528989027492,-0.616659164215531,-0.273296975692767,-0.110505940795094,-0.0132247996890335,-0.266653016074748,-0.12656203294244,0.159884345729812,-0.0371471689131245,0.212277878226771,-0.0511184616387401,"9"
"10",0.0338532984651529,0.073334814669561,-0.00680066501506298,-0.582093562219227,0.455586972810758,0.201842219831742,0.00718296232279934,0.442747994914765,-0.104743669205087,0.291335952870089,0.292255067596189,0.285730690465732,0.386019287488552,0.334757594578992,0.4669845395781,-0.0670578115162183,-0.431758058558235,-0.130275860865917,-0.228377472037746,-0.0638628444916961,-0.00113163202981379,-0.285668043503593,0.207149542690074,0.215622323195875,0.0455030106744599,-0.203661465070122,-0.000171816237040995,"10"
"11",-0.0408014401797021,0.0986284940510436,0.0081964517306917,0.0284207477704426,0.0400982992596303,0.259169730429553,-0.0170066608328997,0.103046928934002,0.103532027056151,-0.0918642606294495,0.00377002620117275,0.138664902423589,0.0880578210204525,0.134149499962296,0.00541021897496872,-0.717796864465965,0.669725378971012,-0.169581970128832,-0.204787717684637,-0.202435432287977,0.00136389122074666,-0.342102380471901,0.133891772353381,0.0783377127913674,0.0834899045582424,-0.143369263522601,-0.287085026653568,"11"
"12",0.143974179479558,0.602873914596754,0.588230103239178,0.0467571082836377,0.0727953505697991,-0.531054901903933,0.263410026619989,0.397356894301441,0.111572382841408,0.293801270544449,-0.00044704381834935,0.0734696660392808,0.146294242894961,0.0178928749095951,0.0450696333048332,-0.0887560621967066,-0.315317676255783,0.0658351596326632,0.167593850140739,-0.031540371603183,-0.160771676366091,-0.0198680163038119,-0.132207984369928,-0.0595917869490188,-0.260105835398978,0.0856288235829196,0.0567427481780776,"12"
"13",-0.26734873162761,0.216785602760954,0.528943538322217,0.13126481897435,0.028211628107889,0.240232777441751,0.235032170726897,0.254710406769732,-0.0469387205696649,-0.00736957596618343,0.0247028467291124,0.120542753621849,0.0060171911485448,0.0149059641216255,-0.468938297958137,-0.512131528424247,0.0599676239660576,-0.465955041961859,-0.373721395309305,0.0857618814114671,0.194962716147615,0.202944386977921,-0.352861877599985,0.125469806217088,-0.00134249215298282,0.250925144612036,-0.414891679350104,"13"
"14",0.258372939371008,-0.20081123773333,0.537962432142949,0.17730000689978,-0.020450062905603,0.460953569647203,0.385994816112328,0.553503772101803,0.465623485270986,0.41083752787564,-0.320983022793097,0.583495097760322,0.479329128674203,0.029514445195482,0.354329913508129,-0.266950568254409,-0.204786972464616,-0.244046034762507,-0.339256783150038,-0.09516938138006,-0.00863676826440682,-0.0455446976022938,0.0962318395401876,-0.18326384268905,-0.22099244248488,0.0963923319111794,0.155750853000825,"14"
"15",0.103141433397813,0.0716348655147474,0.53056448207406,0.144234919986484,-0.486974188794064,0.117694345947907,-0.085469968678819,0.333918557830787,0.0302452205767971,0.328225869894589,-0.14114363145005,0.138581777084937,0.507363889594143,0.0580520898503673,0.00489343683381592,-0.360802027727739,0.147402176796957,-0.0390635006640078,-0.264445851535051,-0.0214045876642063,-0.144719129284904,-0.206921766012431,0.168531943340456,0.0247949848908356,-0.0786815142716605,0.174569273203241,-0.116039084280751,"15"
"16",0.129316899020814,0.000906751244413074,0.801879382220405,-0.317813186664069,-0.0201167487672683,0.168447238570011,0.123182589273596,0.416294222398019,0.49889816582783,0.110669352641169,0.305225164891022,-0.0232268749513427,-0.0761129640322468,0.0307145334696585,-0.395275104980094,-0.140356428962979,0.0536625528401946,-0.222972890137809,-0.0709505656170662,0.305402873586751,-0.00432274406225987,-0.0747742556180525,-0.189843905665383,0.031759351875157,0.00716431153769522,0.421098663016027,-0.021832698059114,"16"
"17",-0.305083184590022,-0.0201096118926276,0.0612870424505478,0.0560949943481822,0.50046373188359,0.323627296434588,0.0556026750256912,-0.0316720310360227,0.0414269884654039,0.470903605521979,0.0281894853312954,0.599822766662591,-0.0535545578732408,-0.0252845959361404,0.0404536415122135,-0.189060895851842,0.424644114828107,-0.377733770215142,-0.181946990934446,0.258172132739999,-0.190243242249589,0.477847944361012,0.217595654157174,0.0676553921466192,0.0610580951065967,-0.0734154815102334,-0.279556894040676,"17"
"18",0.168158294401599,0.259098288366688,-0.0671148847559771,0.0645470579076632,0.062031193370464,0.115596710475684,0.207614778148418,0.308906018043912,0.255751462976153,0.0756770195236964,0.305238620702641,0.214656267751045,0.0127240207539851,0.312419789293285,-0.036117305181024,-0.405024670257299,-0.139176793592866,-0.326070334949951,-0.192203991195948,0.0248738514266633,-0.00562111583364909,-0.289606863011452,-0.0216896408633269,-0.198422750787262,-0.0657385519070711,0.229970161335017,0.239781873207135,"18"
"19",0.29502849683866,0.0843340239567585,-0.0592671930908548,-0.0542462603599648,0.464232970401908,0.267735333400201,-0.380580833652869,-0.065476826371396,0.0331474415738905,-0.030085411659807,0.293430299671589,0.199188240886589,-0.462723735514799,0.0782534149973941,0.476044674852308,0.121151990251982,0.486390904947126,-0.358547255121292,-0.174092058785783,-0.31932281917222,-0.00986207288114329,0.0850774957336577,-0.485638932169886,0.342757233170344,-0.0518595799222627,0.0675144421038314,0.235861057443608,"19"
"20",-0.045495662096343,0.410940206328719,0.57123293667664,0.065031418032537,0.122534208691843,0.0896932447734881,0.0962144224011014,0.155608910520377,0.211718768032611,0.0207953917271605,0.384544198294601,-0.0360182272587892,0.236867553414679,0.277073350493195,-0.570476591398031,-1.1566171477985,1.11565473081557,-0.00325339210932982,0.112928819218805,0.148448540522894,0.00152080744801886,-0.15389044380341,0.0413991644221123,0.376957447724829,-0.108184163510058,0.0768371798927554,-0.161448333126265,"20"
"21",0.302805595424162,-0.0742733643461303,0.457205808329826,-0.0556762188868055,0.100166614988613,0.181553195197793,0.274332697026257,0.878222237236865,-0.0411177165524722,0.121414921935461,-0.0279790375923681,-0.183697189658632,0.361597325963071,-0.0569808089631621,-0.375986399635287,0.0703145924229741,-0.109212250864434,0.068799352705348,-0.134722724331564,-0.244961443095117,0.179366531692728,-0.00100094605876476,-0.0698832000139914,-0.0541508316214458,-0.0346964856956793,-0.0349266456209562,-0.0427671988434487,"21"
"22",0.104325129793876,0.508028264412151,0.445157294784836,-0.0191820390691934,-0.00875868713277589,0.413734996278301,0.272735450014016,0.265153025299634,-0.0349218957659875,-0.0858439949742641,0.286146895725233,0.307281572674718,0.275863650831643,0.206073808199327,-0.0138333792702011,0.145497809779881,0.0409597981233437,-0.213429671953531,-0.0144812238819548,0.331162094027163,-0.0034873310354307,0.0475318695782261,-0.126497706112173,0.0445933451852022,-0.148578952213513,0.25762320665656,0.136946486792292,"22"
"23",-0.250310163458406,0.206209739426551,0.0502838910452975,0.0460239957943289,-0.435570863124712,0.0494879829888787,0.0470917483896277,0.429681113911771,-0.155928751601178,0.213054458654465,-0.411284372484749,-0.52608639061536,-0.24119608857094,0.0936673409261054,0.0331908087068737,-0.226719283921593,-0.0899364481659307,-0.323965217267275,-0.0163470591582501,-0.364791834234233,-0.138942543024172,-0.179116962003591,0.134730635009372,-0.00309718176096061,-0.542577053117837,-0.0145240878870281,-0.0429968963513327,"23"
"24",-0.0535216376765151,0.191076421201375,0.460377369518961,-0.113980675959131,-0.00194755311197883,0.264924053091265,0.141780020373703,0.282008433765243,-0.0850082421221654,0.0549144029554911,0.0049453640724776,0.27079286013856,-0.00611694325092449,0.352255915004292,-0.031169015596184,-0.243442853999063,0.116748692667844,-0.127965909683538,-0.298747020711146,-0.00648442310013303,0.00178909595899915,-0.27248656381629,-0.00705384123051221,0.00633159712302554,-0.159272615020073,0.0572089851375231,-0.072812168581557,"24"
"25",0.470693725514684,0.181345214301714,0.354523856524053,0.362240041760967,-0.0732218874269707,0.00194108048728299,-0.0402959942566819,1.10031314098733,-0.000107783609445665,-0.238416361596848,-0.0434917902432423,-0.0845422708532039,-0.0766058272684556,-0.0142150844905902,0.1215291076163,0.253183737238741,-0.330701626141592,-0.132750894268217,-0.425577399021714,0.0765026247148199,0.175659962654324,0.152033575223325,-0.094606876620877,-0.0602867518483462,0.178476060268817,0.00508021294676273,-0.242037146343322,"25"
"26",0.410257935669061,0.190408175516394,0.692159732778625,-0.0754332514706741,-0.0638203969018951,0.208254109342537,0.489813916786621,-0.167732034989132,0.431321525935731,-0.041835887087395,-0.0379075630639276,-0.423937313562158,-0.0577630851546776,0.119622294028706,-0.474615419060478,-0.10214724975834,-0.348748616009376,-0.0115900540181545,-0.252349943697926,0.31688303361956,-0.0137139079952962,-0.323857163015461,0.0363297385640008,0.262495119324111,-0.0674626122584073,0.143242946501306,0.0228533571605553,"26"
"27",0.189884693699752,-0.154025241730751,0.493064577051069,0.0603280155677176,0.482974626502306,-0.0288929388362156,0.0250833014397346,0.434318059264559,-0.397554710695238,0.435231211629056,0.419199314903146,-0.120847604433949,-0.465477022226238,0.25070598608509,0.108652305813881,1.0824389622079,-0.169351003504512,-0.441297303854305,-0.137651664791798,-0.390447833964395,-0.10397197606789,-0.150082037829925,-0.0874475210652814,0.0602374752439505,-0.291516700587951,0.124978940940601,-0.54973120760767,"27"
"28",-0.160343276946745,0.243919802721008,0.0931122793659294,0.195958650462566,0.231801460341511,-0.475443745811597,-0.0693419256850083,-0.322137453519688,0.0217728784151254,0.347922795827045,0.40890160599634,-0.0972601431191784,0.173267890450568,-0.0881912924176942,-0.381965743116424,-0.663552192991019,0.0228071684668457,-0.584435305435866,-0.0832838028471468,-0.217509216471543,0.00535987913097991,0.0921479501019107,-0.100039734831766,-0.043325184920103,-0.0443981098754341,0.0304459261782856,-0.0622419033695648,"28"
"29",0.414223552025172,0.643824262137687,0.769492628063996,0.336836564164074,0.12536578065335,0.887094715674339,0.618805833536819,0.427769243581765,0.234974806823371,0.428912922716113,-0.0396098328049194,-0.0781335545198876,0.25870407786263,0.392054553683541,0.119959133477415,-0.0104307939879126,-0.411174503889316,-0.0587646705982787,0.200444000661797,-0.0397448193724977,-0.0138464687409265,-0.179890945631973,0.0184008920691313,0.375320131634544,-0.15162428208691,0.209640975160295,-0.151373494601547,"29"
"30",-0.264697811865646,0.271800417828042,0.663904496822609,-0.574086003393568,0.034812555159903,-0.548586356901575,0.269915155778722,0.149691035326101,-0.0613443971150581,0.0269924523249794,-0.0656925318973157,0.0475429199327454,-0.12315719330328,0.0501270686339312,-0.156629846447381,-0.547387453845393,0.0660089030707124,-0.536740063613254,-0.222515601559394,-0.0280147816057099,0.00884819310700638,-0.123262008983692,0.197593170957414,0.0988468772078121,-0.0794846231914476,-0.277908322678178,-0.0169092814087708,"30"
"31",-0.0160354913239447,-0.101957855294018,0.00322131106245127,0.56399098670316,0.108295689923755,0.0883044002094467,-0.0126349809753037,0.393869721341561,0.000673951689034222,0.458338597869844,0.00148166883751387,0.0184222734767176,0.0819774601359342,0.220202113186016,0.00212628571568777,-0.341030863562131,0.147235767150732,-0.130354167166169,-0.181660721570608,-0.323451267022989,0.000536026810346856,-0.336582808130872,-0.062354211789736,0.0523442816448666,-0.219631014510137,-0.101905425363071,-0.098357542644546,"31"
"32",0.122861422723995,0.298330981639789,0.67683567424722,-0.100922887166308,-0.0351731677338325,-0.378053425030187,0.0812652733334953,0.0325768790062892,0.118453273076484,-0.456973109982068,0.0375385889129761,-0.00512478179236507,0.275073063462364,0.145474635256444,-0.00847649472295104,-0.190123731415838,-0.0280834963035082,0.0830634047202051,-0.562062591130103,-0.150697930045138,-0.00410695345761107,-0.208077999024042,-0.0766338252548871,-0.0485463643984639,-0.0301844386692123,0.0222499620564015,0.0370792975286633,"32"
"33",-0.321009889435393,-0.0411584479970893,0.508228681390268,0.454247621000526,0.0499368245486621,0.176306178736089,-0.0727351146283425,0.333506092192183,-0.289611866039028,0.331975940713707,0.185141331224391,-0.362228181122252,0.588798611482659,-0.0185908522187729,-0.201540027750509,-0.660001506705118,0.38055838025591,-0.227145162205722,-0.469250278770047,0.164835030999847,0.0107305665693419,-0.123830245152849,0.0807177886625134,0.204202894867147,-0.15664652473744,0.298742292504528,-0.677883612454173,"33"
"34",-0.0811818107510559,0.689655498062025,0.753076253260393,-0.391480058872013,0.193744867620472,0.0454447675337367,0.0767202822658282,-0.162795849087569,-0.0053817435457725,0.447635697531061,0.468501676934345,-0.00443028139704776,0.185173593871967,-0.114544120080638,0.0107646046564247,-0.252519848644816,0.505658095921184,0.0443597053286247,0.599356407354777,-0.249152087466124,0.00271370712601842,0.246873203450787,-0.253323475800461,0.157010539278671,0.0721950527749806,0.062956387062154,-0.180651118584038,"34"
"35",-0.0669141377793829,0.15502167733488,0.013442135816621,0.372263804526651,-0.310010953231865,0.321227368863906,-0.0779623323569878,0.170144439383554,0.10853790146877,0.394752355036789,0.286091935932988,0.0120185862980551,0.151311463606518,0.272563626686103,0.00887272940153741,0.288946391983892,-0.328892673954795,-0.458722075247584,-0.0919894429458616,-0.017102183789507,-0.172687676065159,-0.0618115853807015,-0.11122427422643,0.173392792215823,0.0562936390356894,0.262575424996036,0.0226867819599838,"35"
"36",-0.161804480289494,0.523990585950082,0.623005378154902,0.17296651737973,0.025170570157865,0.0919450306440459,-0.00841013385815662,0.348883501234214,0.0331525345604724,0.389879913578867,0.416104869200881,0.842579086829058,0.110221461258532,0.124288520160066,0.0832714534214477,-0.902972696499087,0.0660938341182663,-0.031646149125215,-0.257075163456307,-0.161711809170481,0.00540872354436729,-0.378566794678971,-0.0391313979456481,-0.450079644199992,-0.39675419246468,-0.0798871116080414,0.368424420309078,"36"
"37",0.286137370006992,0.117013730213169,0.7121511562452,0.171151616948282,-0.123861275874172,0.168981111947595,0.197761761385769,0.085780456479184,0.0790590053178304,-0.0293869683939913,-0.0264389045413526,0.0866456975635147,0.131578168398489,-0.0642393532445047,-0.155637878606574,-0.151324892017313,0.0571197080271583,-0.0341910171388534,-0.410902959705958,0.0348798097900446,-0.167679081113477,0.131886047469649,0.00277345222087677,-0.0829179564384571,-0.0883238548334422,0.0203759779443862,-0.02939425337963,"37"
"38",0.528311199515615,0.292778997040679,0.256814376748606,-0.0293938999176622,-0.0193450449154314,0.600036272125844,0.152683605807378,0.959963723516235,0.0612175290631329,0.207748793386079,0.0728349898145922,0.218462757005297,0.113545608073595,-0.116775819175724,0.0116248618019237,0.428049504958576,-0.544629031271598,-0.345931751958355,-0.379248726175692,0.0241125713250367,-0.191691234338671,-0.104323342265682,-0.0179051476892901,0.159782281057201,0.0817184219222719,0.0625513781561648,-0.142922321002409,"38"
"39",0.0278519954548389,0.104341435027183,0.208299817174723,-0.00512108699049541,0.399959300873213,0.156714884950854,0.000847927019248998,0.268666592334813,-0.0318375058990641,0.0107224882642662,0.314078112259506,-0.00500255434883511,0.0982683280092454,0.0115588598661848,-0.0200484517665959,-0.103361533178038,-0.0101634660991838,-0.281568510650754,-0.323436950598414,-0.02376951494891,-0.166424623958969,-0.0170728139088613,-0.0523218173170846,0.0920280533016998,0.0950704475061763,0.0642498437156501,-0.113245981262894,"39"
"40",-0.510132961709439,-0.136136332897645,0.892294120363088,0.0937970594556679,0.0443954737224179,0.329261138730584,-0.642365323072272,0.507830817620393,0.170831505212851,-0.0489184314201702,0.0471359496933401,-0.100627182926328,0.0768943098371093,0.173175960292679,0.067642980665391,-0.463113729916844,0.452694730232569,-0.0983347249745427,-0.330704720622128,-0.210589585841177,0.228209049841432,-0.0564961013253926,-0.361087746601593,0.11248156240977,-0.341055038090389,0.0576520913210272,-0.60487442779665,"40"
"41",-0.0961343045059521,0.477802701119534,0.455306612622082,0.0176760094961452,0.0901747413438412,0.201042903767039,-0.0525319077739481,-0.0322741992582367,-0.0912185592143189,0.265677149515236,0.254225878889925,0.0089298284355285,0.0609274878401642,0.0807623934566445,0.0127472862745151,0.115920143378034,-0.517535172997014,0.138184518550149,-0.169949589411564,0.0376288577939558,0.00321353200648338,-0.08628652125103,-0.0581648441628778,-0.135096284675223,-0.0101155801616125,0.25346205077019,0.151794681167404,"41"
"42",-0.0334237194825757,-0.027462559153626,0.54250169726689,0.119019261476255,0.153536055622933,0.152274973167829,-0.117495855348115,0.248377734266616,0.557754317605279,0.372125436350152,0.00308832966765237,-0.234923659656377,-0.457971326496713,0.144036794672362,0.00443194261188274,-0.584413532920558,0.675557790859832,-0.264287366063072,-0.157495923929816,0.115057411265071,0.00111727226701133,-0.00327262651221897,-0.114799482243736,0.100676699696632,0.0949435721713485,0.357901025602064,-0.162462558959736,"42"
"43",0.196225010705462,0.055146026487775,0.985837503556512,0.38945412155103,0.104037821857436,0.226514537934386,0.152692633248069,0.347290681672505,0.00556895993198196,-0.0200099661160936,0.0458524557037526,0.0644834182816124,0.0739499729021005,0.064790468021592,-0.103813047572037,0.1646485390025,-0.230960211621825,-0.172760532940562,-0.0256834997915055,-0.051101874135794,-0.00655931673521824,-0.125582128000484,0.0212154509893644,-0.0044542036638136,-0.00307321738526094,0.00684534766040651,0.0243968792233845,"43"
"44",-0.183853545457435,0.400473677739313,0.782244784656996,0.134922926862345,0.0286005588747103,-0.327378392743411,0.13564663036216,0.34955151588246,0.159109818901233,0.336151708946155,0.35939041570012,0.00851971334120167,0.073449710792579,0.000155653035743917,0.0478620899369062,-0.34598530964065,0.0134333657882481,-0.0975410092566572,-0.294949437709687,-0.0933992569258365,0.00614576925343644,-0.179214884562396,-0.0347737843299693,-0.0304769030518419,-0.28383919730756,0.0367565043758931,0.0164930218986993,"44"
"45",-0.12377143779748,-0.21316389403166,0.966033419934346,-0.00105543412414327,0.241664803842326,0.273756452742934,0.134066457019192,0.550211691471856,0.164334718792882,-0.0257861207939319,0.392998349904592,0.129111621197909,0.122575213530245,0.0248771331250426,0.0262819741198011,-0.306199563050531,-0.273214677134421,0.0755734530066849,-0.324447205008023,0.0627701503333028,0.00413737301054846,-0.176794832714849,-0.119686082404692,0.00559236972756927,-0.085940905476212,0.0431148912419315,-0.215093386089144,"45"
"46",-0.26332243474325,0.19036141302641,0.0528978785178767,0.145226069550058,0.377497802026844,0.166603137663542,0.091719498154363,0.402978728584524,-0.0169810463035934,0.0901627474794808,0.0243308195486776,0.0472958856110584,-0.00239233317419405,0.153784001899613,0.0349162192978365,0.310890170035604,-0.407053678411437,-0.317390975187211,0.125629237473088,-0.318958806124247,0.00880221765187115,-0.0248328619444741,0.252424413329471,0.217110533091922,0.00466113094660563,0.14246481791797,0.0382161530069741,"46"
"47",-0.252100814504215,-0.0949442712009908,0.565759036562917,-0.151023713344865,-0.416461889865183,0.100809326204778,0.190597413533801,0.267137666255873,0.0342325570929826,0.168570767063644,-0.313595110115485,-0.347228731805596,0.100998589188328,0.2339383628557,0.0334282467537224,-0.158039825080399,0.125391791219531,-0.38462013493562,0.00500728030836799,-0.187334320594139,-0.156952237175859,-0.250810998539491,0.215243884719013,0.18254357078036,0.0971460716541223,-0.25700296328418,-0.186119254037117,"47"
"48",-0.0417188958222827,0.0640550603814226,0.531314620178706,-0.361894643835957,-0.161985662306215,0.148344267626087,-0.0405802802240452,0.360614649730222,-0.109336008836589,-0.00746773606652431,0.00385479849832436,0.260276271033694,0.206176757679265,0.265053166065079,0.168489644399793,-0.525736431598207,0.372740182265477,-0.0224842936198918,-0.189730204309924,-0.161059673939539,0.0689415693157375,-0.258072462784794,0.177329383955465,0.128770903064297,0.0820685559082601,-0.449702080273835,-0.0563536724503965,"48"
"49",0.472643479701132,-0.0254089189137311,0.374227225683516,-0.086903948371222,0.508399140335948,0.419754041906766,0.365598690625021,0.179662272177666,0.474248647097363,0.306621226756194,0.230626815130735,0.494370129826873,-0.0665467823827853,0.124185117314108,-0.0626719231235581,-0.338201935083623,-0.481904101304127,-0.808440679681158,-0.224240549621065,-0.180085983382442,-0.0157993024184335,-0.0429503032716513,0.175639531515192,0.193909021677065,0.196270831799966,-0.398909039586985,0.0720707181159111,"49"
"50",-0.031442956332913,-0.0228008657490914,0.648042366207964,-0.194364168957962,-0.00383663756024363,0.150342798763865,0.515023489514497,0.160393679956294,0.514351037410134,-0.0627174767932261,0.0974458901269614,0.186094634109273,0.070620579717371,0.0278698797867167,-0.0795644245937457,-0.448695088077333,-0.203903363337903,-0.304288602027784,-0.571589956019591,0.00776401699224957,0.00105106025444025,-0.131659722536166,0.038703677060252,0.019775336175522,-0.338264633928371,0.0432767168604897,0.0539749872048004,"50"
"51",-0.0888504235222657,0.0694687813008956,0.0178488358362803,0.100728471632084,-0.167575266668867,0.198250253459025,-0.0993708353237869,0.194638912785425,0.201818041753732,-0.40350332323581,0.00820972061743036,-0.0331315703386732,0.19393690194882,0.0671854890490606,0.0117814529378529,0.196601909124514,-0.0591458423088445,0.0373328307392178,-0.110784448932105,0.0412890296732516,0.00297004988225311,-0.0792007849585355,0.0276041984749229,0.0409522102128186,0.0222322933151536,0.230111204934358,0.00104572918443088,"51"
"52",-0.0838850647140844,-0.0226691944204102,0.497040136086388,0.116512845186642,-0.0867113666415117,-0.00705392569857606,0.0597906658681466,0.415550839941882,0.111466735042086,-0.0131318676340667,0.00775092473369004,0.119236111747512,0.0419026245313059,-0.0759512569639246,-0.0639799421838164,0.358389012662227,-0.436013635698657,-0.10895716338968,-0.191615557108258,0.220905661148126,-0.161924917299902,0.0461012080383501,-0.128824355602139,0.0845434124009482,-0.105039442615222,0.25413447710651,0.112797049322183,"52"
"53",0.18059712766666,-0.100427154065719,0.28018081767309,-0.0332060086149099,0.360761908536011,0.00503390336427635,0.143885924597521,0.255146244642328,-0.00302419096452726,0.136386191551028,0.306496900690019,0.104908938812596,0.516085440214215,-0.0504615872189296,-0.0239469489955033,-0.170752368017885,-0.000532325365996687,-0.210631111426731,-0.272070438251806,-0.257438310694804,-0.00603691526160562,-0.118677259511007,0.156463897766928,0.09364578701945,-0.147941037991052,-0.130605148065207,0.0365600972735367,"53"
"54",-0.0682639824196741,0.0431356024311546,0.0137133011575799,0.0125515528270168,0.121203002328852,0.184002916162458,0.343652362341302,0.823113518087748,0.185942046732119,-0.143357993002876,0.00630754701758133,-0.065978571807233,0.077479979257,0.195866552197932,0.584053139962766,0.379051536676766,-0.394924685946649,-0.353591771215996,0.203828525826676,-0.072686425037431,0.00228189607781517,-0.043316169705492,0.284622096223527,-0.177883186158568,-0.156440872063357,-0.0659443943918971,0.349015630357428,"54"
"55",0.127416645372096,0.0422142253551043,0.765133810601606,-0.0234278267798267,0.456065399468833,0.301785104200329,0.486260878587957,0.502011554733375,-0.229164004932799,-0.493187921861737,-0.0117732141170169,-0.022885566474196,-0.0179398809793855,-0.149223684935393,-0.0168952848105956,0.0912791502422689,-0.0379898032672039,0.928112410996464,-0.473455102168402,-0.0282875881050522,-0.180202398343699,0.00144068162752699,0.252818091544893,0.0660648609474986,0.12241366575409,0.167170647279483,-0.494354900439436,"55"
"56",0.277679703215765,0.0924673672100207,0.448290405985405,-0.0510563746849068,-0.101742274314261,0.4420198388976,0.0575336083897774,0.267923408229341,0.0405218828484604,0.262495319803805,-0.15040510051987,0.301576945122874,0.316761528852111,0.13459121715692,-0.0616935922317664,-0.797759131557981,0.600897461143091,-0.0577038490225871,-0.286209947617935,-0.127584823691535,-0.00928214562346359,-0.0373360759894715,0.0421479092672229,0.114388467167022,-0.0876838261005485,-0.00320928315096132,-0.0125213982414859,"56"
"57",0.122434626071215,0.220216604427023,0.361510992046799,-0.00857166438017978,-0.554593522593381,-0.0260920804785328,0.315166944448972,0.485744332480853,-0.0166252946678627,0.072232937782597,0.360583326632286,-0.141489474259085,0.451677271388592,-0.110682238609066,-0.00124376508196651,-0.841019896864477,0.90716761095089,-0.134909078043463,-0.288728946999436,-0.00222671205586286,-0.00409268670121182,-0.0475016846480097,0.00164683867575505,0.290606135405428,0.131940435738845,-0.0526831813468383,-0.317038470560568,"57"
"58",-0.254165885261982,-0.086931725549736,0.813663173818486,-0.0844709707251636,-0.334767407747574,0.56984477245824,0.196519268113744,0.564446939512685,0.595207912598087,0.0259184633685331,0.0105440257251335,0.0456512588731998,0.586828430985985,-0.0642462507773894,-0.0531479297622343,-0.846748028767581,-0.0521632938442111,-0.32886986811954,-0.200079409059007,0.0109682288104422,0.00849613685190912,-0.0940581597184419,-0.170644588143967,-0.0977821558138387,-0.644688842022948,0.211172010166029,0.0224329534483272,"58"
"59",0.186477718477155,0.34608811804037,0.488898665612849,0.058134507643347,0.165065172197841,0.107201693913957,0.0910630037009832,0.430629863061279,-0.421514742154484,0.016258829413361,-0.339881850803857,-0.0596072470055182,0.100110017261974,0.091636023250217,0.180935796968596,0.11224426893235,-0.118974042716322,-0.0304127059213378,0.126706238383702,-0.117068827222445,-0.00623348886645591,-0.0201565539344134,0.0340352473251543,0.122322149578148,-0.236310154664196,0.0721204303168564,0.0228458707424386,"59"
"60",-0.107105351741429,0.173421435789355,0.406617291891774,-0.0093875298443522,0.0166614840668672,0.0228252541539463,-0.0341394088282498,0.343227757959448,0.135615631869584,0.0109220249319569,0.00989646396236335,-0.0938450067329411,0.454534803464084,0.394789500018046,0.0943515668888003,-0.565353214813683,0.611109516747281,-1.4047362706586,-0.346772630343245,-0.302747577996797,0.12809365718632,-0.148062847020069,-0.0716137445372822,-0.0822000873310206,-0.0637059457809861,-0.0809999548610418,-0.520188902661128,"60"
"61",-0.177399927277089,-0.246547225798736,0.400783160272937,0.0326181461995464,0.481629585092943,0.45819541143926,0.345568466126703,0.683776511077906,0.122877005002083,0.227328571488014,0.384334408752233,0.0469481417989469,0.0630950976135957,0.23069678407278,0.432753930840068,0.0501668160613904,-0.0735168296699145,-0.0360063106974962,-0.249221036163857,-0.11731013163458,-0.148342923625119,-0.185380151085188,0.0773278309792108,-0.0220159035354023,-0.671996967980032,-0.109675139914506,0.0120987638147022,"61"
"62",-0.0324194743868048,0.108847071625536,0.358379920857128,-0.0862227023516188,0.198902069598122,0.292321115013081,0.540693728117041,0.497875468367781,0.0743504897614773,0.189341164626358,0.311369643390946,0.000803500465941516,0.110548261785473,0.137627831580669,0.441438219060742,-0.117609359460869,-0.497727319611035,-0.392270212210426,-0.423214341813683,-0.243444173396223,0.00108370283751329,0.0971195476878052,-0.0838922436781288,0.0442499172904981,-0.267276755850066,0.131055335936251,-0.0147389859996119,"62"
"63",0.12528115029815,0.0686771071034856,-0.0251672709752682,0.337469314777764,-0.139742579929441,0.167382871666325,0.167455676086865,0.39495852250571,0.222355111932735,0.0565017133165573,-0.0115758957785996,0.183962717471363,0.120169336888064,0.0862864670941513,-0.0166121208850324,-0.40508338129664,0.12717664163422,-0.00469879917428544,-0.161509283633399,0.0901425755049712,-0.133365488575729,-0.364073801713228,-0.215481202237587,0.0102061945420704,0.288488177359883,0.0378432906338777,-0.054003592015215,"63"
"64",0.12123752060884,-0.128926307222836,0.823668220107487,-0.125984378797881,-0.018859907419072,-0.0258369649685813,0.349333396040935,-0.439204363583887,-0.0384637797506607,-0.0123631471373628,0.143931121751276,0.0796603704030268,-0.125377716908927,0.0936574957114623,-0.201006726035231,-0.233486194432479,0.431337565218559,0.335298887488918,-0.782941411394012,0.100273349815463,-0.0778641292915066,0.177440587925534,-0.414700822967848,-0.0280618299142271,-0.200432765813959,0.251288024228185,-0.0288675005764557,"64"
"65",-0.211966864047472,0.139044631939171,0.267680498795788,0.0389738951254352,-0.292722758959198,0.00186353676207794,0.24957314920704,0.189972523170335,0.241982244355379,0.24108568272649,-0.428153921475719,0.0380718056366894,0.314250180470065,-0.195358944464204,-0.526030716365573,-0.962968609287225,0.194755043954899,-0.897099275235334,-0.0969524869118771,-0.1297195059107,-0.124846437281541,-0.238402437497512,0.0826346066350027,0.0490621884749991,-0.0947391955847256,0.344722135513507,-0.188444482827544,"65"
"66",0.0917247933028684,-0.0421526312758615,-0.0184262574434402,0.297740145337514,-0.0142688591868101,0.37640676034159,0.282041693794052,0.164887899316631,0.111510114150571,0.0337326129764792,0.330017111922571,-0.0164748793090161,0.292656130252855,-0.360580151533989,-0.0121625907079843,0.296792736165662,-0.578621566559547,-0.872517798689161,-0.144068385593087,-0.479243134860566,-0.00306613295411744,0.349424244739496,0.221262056934406,-0.106175577978211,0.206941564907565,-0.17294403193763,0.238535788628583,"66"
"67",-0.203847040925011,0.158259304926782,0.289565540855233,-0.101645282523523,0.146297043420011,0.215675535781747,0.12357483067288,0.0963072568473137,0.0803091475137024,0.14398837854693,0.018835332329794,0.0360377260949422,0.0444992029855698,0.088021176621589,-0.0485970883535163,-0.587308516806194,0.343987669569033,-0.0101047053000343,-0.262209653321108,-0.303040218035855,0.00681410235197242,-0.142310095138613,0.12792866147842,-0.0486383353231668,-0.285058617228923,-0.197776786206003,0.0291085298904057,"67"
"68",0.0850566741656665,-0.134137498795168,0.854887964648355,-0.569570507418749,-0.0352432187905678,-0.0181264537556212,0.213027183618551,0.38819597407731,0.0467872365686704,-0.00867361995233666,0.392182621037093,0.099628641976614,0.599998661498977,-0.117531963137427,0.116222824753197,-0.35571142556303,-0.385578506097361,-0.00481020489420436,-0.153694162604631,0.0637535915144136,-0.00284323422529696,0.117356882464222,-0.231141193100424,0.0420391164789081,0.189660284428257,0.248125573588988,0.259314906189283,"68"
"69",-0.239659734098517,0.114923477932554,0.0481443653380067,0.0440657240673869,-0.20513297327335,-0.00962712101884426,0.47570824747021,0.285912509314771,-0.523499451260545,0.0244392044697207,0.0221444015931304,0.170181476614469,0.0337433707560195,-0.107292170803507,0.0317785753454855,-0.345370773145957,-0.366132915891136,-0.617434196323866,-0.087998785682569,-0.154957838043548,0.00801123210022597,0.15707240923744,0.124245284442315,0.337033476400688,-0.0701881093815633,-0.123836490935025,-0.0367563290581465,"69"
"70",-0.0889973759386751,0.118950674841695,0.0178783565684591,0.011126668842659,-0.0318228726297035,0.0601805386400843,0.0374533739255933,0.0134250042087513,0.0726472838336859,-0.00495983685730078,0.0128772931380022,-0.00549636421318751,0.0396251429715385,0.236204911427304,-0.157931396646964,-0.398637876444032,0.393696339154432,-0.0573581986965083,-0.453571971499979,0.0149752470554678,-0.133914488570808,-0.302687273941684,-0.0606601502475219,0.0678621772499584,0.00770035483644366,0.13239731721282,-0.165726598807522,"70"
"71",-0.247024621457894,-0.0649973700865736,0.643819450285462,0.389030378208892,-0.0681650997510159,0.228523637015606,0.118397794782724,0.240764326440896,-0.00278463951554734,0.0251902358799305,0.0228249123346896,0.204620609353525,0.0347803247761775,-0.315545408197428,-0.370202155808171,-0.564350264866007,0.0335706483239516,0.00136079894493797,-0.235413823467043,-0.243999576625689,0.00825742206721993,0.281244262474025,0.128336044275501,0.109933274695105,-0.0117726206122609,-0.0376798337259086,-0.000740429097326099,"71"
"72",0.172457306843171,-0.0902120038680644,0.420490132970887,-0.0317093571239185,0.169412120090742,0.210057556861585,0.0393187370315484,0.314268106348892,0.0357722823440841,-0.0772603908782401,-0.0159349415736008,-0.102464186862344,0.162158444898093,0.151750085333486,0.454443417318382,-0.0821400411326315,-0.0671368504357517,-0.0550244704211246,-0.305584621421212,0.118582178016063,-0.00576482118574219,0.0811581194769335,-0.045773565351987,-0.074710880372276,-0.197076123455765,0.199461470791876,0.0565249939057812,"72"
"73",0.377195154828256,0.257472237505185,0.705187385578473,0.149864233747726,0.0697339442629472,0.304227303939428,0.0864500251164384,0.117851066023593,0.438627290484105,0.0139562051762859,-0.0525936403311788,0.0773401077557848,0.281728895238483,-0.167121990494709,-0.171136185044914,-0.608923347729569,0.474120555802666,-0.249750169198254,-0.232457561738983,-0.243692036825056,-0.0126087010142797,0.111956527903589,0.435273886007894,0.0797733261898993,-0.23869783831021,-0.151517070538433,-0.00474636858473665,"73"
"74",-0.406189478075689,0.0786089780881082,-0.104257378812045,-0.409357666951349,0.295118015041038,0.120459862349839,-0.0541690964143839,0.618523041497096,0.54963876155386,0.248192856274274,0.477519235402348,-0.0849945936748672,0.110108676773244,0.181502850666722,0.159288586720897,-0.445242079151788,0.596246054412937,0.000840122838709494,-0.041284684498588,-0.0962661788374303,0.0135779095214896,-0.359188059056906,0.454573329153128,0.181722185451494,0.00379159417065586,-0.0261691617744112,-0.29301401356699,"74"
"75",-0.325440153051743,0.207904257424384,0.143470177196957,0.17350377259402,0.0506260036181983,0.069354650206804,0.358728079091362,0.424227351758176,0.0441912440529046,0.0331866280040971,0.355780946684713,-0.0916466207713883,0.433446370059764,-0.822622713676974,0.00931354576772602,-0.604824180184269,-0.60886765007134,-0.212258785635825,-0.446228907038441,0.275489375867977,-0.143297759120295,0.589828938994128,-0.166139616184541,0.277648421383198,0.150631930257081,0.557285280963442,-0.392092331068429,"75"
"76",0.131878453378651,-0.0579362737761995,0.45069257891403,0.686542708057903,-0.0307014232128354,0.234368000972205,0.143901789481728,0.393204393080058,-0.0873288214473349,0.157755723490589,-0.271196611833177,-0.0128699949706708,-0.015502238501978,0.329832583405102,-0.053833785245149,-0.220195785063896,0.0823397637949507,-0.136188726115082,-0.31323414428398,-0.0493848795717814,-0.179842828875432,-0.336630311600922,-0.00796060271697859,-0.0989755974951594,-0.208596326699307,0.052649034077412,0.0322314496571007,"76"
"77",0.0846247508678966,0.0620262481478697,0.216564216580354,-0.0819200415458536,0.346718134907411,0.411127467869352,0.759108290338042,0.407428863702217,0.0922354578125025,-0.171693962152565,0.0841488312914005,0.374623317902347,0.331641065189184,0.122656521861187,-0.0497229613296845,-0.663669810498821,0.0910487184285051,-0.362373437133321,-0.27247298094552,-0.342369070583734,-0.00282879609783598,-0.0952947005004953,0.246987385272639,0.0113349380716935,-0.204644196739432,-0.1717452224066,-0.167770773784515,"77"
"78",0.357868992978462,0.220565478023987,0.582471990542274,0.117273511800151,0.526940113446806,0.448638513971695,0.580722051790849,0.254951797991915,0.366031294096951,-0.143231912747537,0.359647007389862,0.0722913867486573,0.204920411899599,0.0697696595027364,-0.0661894421224237,0.0672545698269239,-0.687038375917125,-0.174165117990096,-0.306592550796874,-0.0305626449702931,0.178507089323109,-0.0986708267258835,-0.152004302921845,0.00279867906193404,-0.170667872371792,0.130169452095566,-0.231538366090579,"78"
"79",0.214942715810759,-0.0202597199019956,0.708858491977292,-0.0226667571006496,-0.0631989607275076,0.163066398007703,0.0407500005837659,0.0771081378272236,0.127145644083476,0.0183368500109985,-0.077697776643056,0.0983134492769684,0.169050582255627,0.109463879739179,0.0572402424959156,-0.165078927077162,-0.0761870457904068,0.017028938255517,-0.306067883360776,-0.281856285479081,-0.00718500331768226,-0.153139724219695,0.0901315829690741,-0.600542753584392,-0.515365899398677,0.063753324815575,0.336199996305588,"79"
"80",0.556485030063379,0.047961828976446,0.543518166051725,-0.12325429974114,-0.115574500641309,-0.0950368544029028,0.124202351214381,0.155525967205224,0.237197826408754,0.301107408131355,0.213919574027274,0.0694981048292469,0.585619375179821,0.0467155260289765,-0.0718765663320939,-0.0260667072207634,0.11591367302043,-0.00716949082750032,-0.330835246410583,-0.0886619810804922,-0.0186019180606515,-0.184749014292772,0.0390754798686219,-0.0403755798735536,-0.219839615446736,0.229399448860638,0.121736130095331,"80"
"81",-0.061650081769082,-0.215192097125788,0.364777619940442,-0.0753212240682231,-0.116419765672705,0.013138267715951,-0.0581164627727656,0.678235970796235,0.522292916566459,0.407279414052942,-0.016118806307863,0.0274633572719141,-0.00552601000524876,0.423183313819102,-0.102607579163374,-0.495438439912799,-0.156334806654957,0.00794719862981942,-1.16291254661863,0.18076644881774,0.0020608097388897,-0.186765851185321,-0.0949339617608133,0.239021981890547,-0.263163643897655,0.00327745089992306,-0.272493643012424,"81"
"82",-0.0695391080864518,0.259070916317576,0.530793332469492,0.0127860074632735,0.0727016801489281,0.249808809110446,-0.00371111032200515,0.145514011032801,0.265534550043395,0.380252044129427,0.00642536778940867,0.171503053919054,0.091966635208516,0.0944497408186677,-0.391302629385169,0.120969629386918,-0.759530376566451,-0.42328756897803,-0.387306538812556,0.118771797370713,0.00232452037476782,0.0208090822943512,-0.137297876827332,0.246251286598754,0.153497010885885,0.0880319576054652,-0.318750080555583,"82"
"83",0.151687289292973,0.0190633942750728,0.538048063777993,-0.027890418303506,0.478828036322194,0.152100441547919,0.247870482077402,0.176113049897989,-0.201626526123475,-0.0154682499854747,0.129557098532717,-0.951610430991478,0.0991692411192609,0.146077704292806,-0.0859235679773297,-0.209602470047143,0.290370589266125,-0.513813760652308,-0.359115729089369,-0.067063287103879,-0.00507053087474653,-0.0882435708566839,0.221230505877692,0.141977484067484,0.0540102693318621,-0.194318592378191,-0.37855883155281,"83"
"84",-0.0161636484208804,-0.124961179116443,0.585474778342998,0.00297197555491393,0.306375008839374,0.392904641703761,0.0952858698253327,0.179543263467948,-0.0755560757741302,0.0807595398483879,0.0014935104688672,-0.326893975494399,-0.151030573438701,-0.0409944087288729,0.00214327918343226,-0.370827416705792,0.342321381445088,-0.11575698808022,-0.183822108202104,-0.0466810661197572,0.000540310785093447,-0.189450369131255,-0.0567069943576975,0.0489640940757073,-0.145145088166862,0.209270285442522,-0.293074937493578,"84"
"85",0.231390961675804,0.275466874305837,0.287676801288154,0.212971249179064,0.14729644152336,0.221390799199226,-0.0281333136968335,0.161981490948308,-0.0422727489727531,-0.431842191036989,0.390284168013457,-0.00292951662443425,0.00382484385885838,0.139266681046802,-0.0897925546679538,0.167303116780738,-0.09818498447469,-0.0189659048005622,-0.0166642570204314,-0.155072956453727,-0.00773482749136889,-0.0655406381753195,0.107395699496435,0.115646365287496,-0.173898316905333,-0.123037665598118,-0.0345140640873466,"85"
"86",-0.464659346026532,0.0447844925419215,0.434806176021868,0.0946204984582404,0.0389693543068563,0.338248836489145,-0.00751997438590708,0.434947160033562,0.180004042060039,0.214497515102282,-0.0741812051932545,0.0496609206180658,0.140403730971183,0.297812837029873,0.0155859189066755,-0.0184214504099264,-0.989821534278985,0.0308603523916431,-0.305673456590909,0.0178698215209162,0.0155324125788612,-0.518818412002797,-0.308759801937148,0.0907389084224158,0.0883316474878561,0.323027447342762,-0.0821866352122514,"86"
"87",0.37876885397491,0.129758974838005,0.0467850882845191,0.300524981053516,-0.0589219037416874,0.0847284809319693,0.171215802098009,0.407694953596587,-0.0514327033977948,-0.0386248007153678,0.337805601395995,-0.0680314550793885,-0.0533295170278929,-0.0381297606689721,-0.141721341505024,0.615249672308085,-0.223309408738619,-0.305578002046907,-0.172250267945591,0.0129629755025993,-0.0126613058841257,-0.220858977460594,0.28074561701994,0.407993062056097,-0.0262174552740204,0.0827417916866423,0.0460460519739457,"87"
"88",-0.045751941296341,0.209169991373335,0.187464658858854,-0.457893319866554,0.631918885172517,0.661294203646795,-0.00907929385733042,0.444743378645237,0.385131768942324,0.068466635232924,0.262752158011633,-0.225908041407214,-0.229815655657544,0.129143631256328,0.444959300724534,0.065780860949269,-0.973026888687233,0.416595593881132,-0.342939702333166,-0.00511305898102344,-0.142993329637011,-0.165868314867041,0.0352201046718241,0.276046499190648,0.00102832630409771,0.0723470678383777,0.0442281392339177,"88"
"89",0.380654416528949,0.0487040880408478,0.268538371173703,-0.0230037452908158,-0.484432129319437,0.566833731832547,0.069441074441373,0.179384929573169,-0.0516887423475726,-0.0388170801943232,0.284434265851211,0.266303876568301,-0.0585293622518662,-0.241761330416055,0.372179695948758,-0.23320642522116,0.421707229585519,-0.783900878656544,-0.0743652938455938,-0.290439791389277,-0.0127243355762707,0.14357672231757,0.280138051011225,-0.452393419994835,0.0985262097210703,-0.0620492691632666,0.347618806264396,"89"
"90",-0.0577590201976973,0.0358105087884998,0.0116029978103117,0.0106200278324169,0.00898508785131587,0.096745815588022,0.0402126880479421,0.310263764325623,-0.18800823489862,0.0256049892443654,0.00533689542673885,0.457739492069309,0.0562452649681746,-0.0568083872930158,-0.0619389638794325,-0.103387285135602,0.0672751089631271,-0.115944831477439,-0.0417699224927205,0.0456215349376,0.00193074117530063,0.0557463227001916,0.173141873195778,0.0910148946837533,0.00480743098246736,0.126756256600095,-0.0228473133969791,"90"
"91",-0.564193496324011,0.521511415566445,0.659860135957069,0.0869778807659694,0.178910281166326,0.171978085388323,-0.0426390166288765,-0.153330259628661,-0.109841726639605,0.330871479830546,-0.0381505008545434,-0.0765578674192706,0.115979620044729,0.0473718334260925,-0.211292080014504,-0.563567748571847,-0.262775311783477,-0.210886093224608,-0.0727089823924297,0.181097121013554,-0.1505976110125,-0.118584953690627,-0.453364687010112,0.50047651060809,0.0117564852274058,0.209787664819183,-0.211216392999919,"91"
"92",-0.0399046979778762,-0.313080224790889,0.0080163084774209,0.499732134031871,-0.0408602105542862,0.211053861391181,-0.0212180620511222,0.454753863849129,0.212663795750923,0.428447798261744,0.410669833486787,0.345089964723262,0.041726171397513,-0.0332102912936486,0.0052913121017116,-0.201516206770096,0.0565564155052789,-0.000558505508794318,0.0821500991261166,-0.0691231388845231,0.182632725480646,-0.169184448772173,0.160884777618568,0.13461462257138,-0.117575902700088,-0.128023770870328,0.0352839917590239,"92"
"93",-0.0968480780312679,-0.0263484971077902,0.643617863140709,-0.0536499857436196,-0.185958676567723,0.240049370048014,0.158573670594094,0.141462077823809,-0.0279387670702208,0.138783414294745,0.407423760133653,0.133172223392678,0.17332587165872,0.155986005147569,0.0127708202746343,0.00614368270519299,-0.0335090864177739,-0.195510563680841,-0.211654859166239,0.0698903294713044,-0.144153799897497,-0.207596360595397,0.128999836937947,0.133481980703643,-0.187856100308624,0.202615067054252,0.0298415951211791,"93"
"94",-0.41152207637655,0.384847576758939,0.761849035393541,-0.182457640095607,-0.442357798817745,0.0876995951232152,0.123026536163405,0.186358295149902,-0.0710186981115571,0.0419647973248424,0.346798483687367,0.41638298542324,-0.12747691019301,-0.056907535697472,-0.286628634676865,-1.15862064345424,-0.181593574378195,-0.416922420050312,-0.317153458313872,0.375587452330981,0.0137561650922312,-0.0220962506482469,-0.119170078825282,0.304138679920304,0.029596166293309,0.36610184954838,0.345504955242243,"94"
"95",0.130634354739826,0.0430903330833267,0.693493161599566,-0.024019460137265,0.0321487481846394,0.227515505424743,0.230448292385442,0.608396644169995,0.381452771319127,-0.115808422391345,0.233724363753275,0.20165279214377,0.439894738732679,0.341200939819073,-0.283494286329542,0.0225247404373044,-0.00290795998340726,-1.35034557907717,-0.369735353583478,-0.15368092185527,-0.0043667833481525,-0.217365873765081,0.466640357769704,0.329819381927386,-0.228232999601221,-0.232030407355772,0.227835358219921,"95"
"96",0.00245703483714965,-0.133254477843101,0.418681225413287,-0.000451769754168193,-0.000382220366445692,0.309521477506943,0.0827843600181944,0.311574601419323,-0.0415088760789364,-0.0565051447789978,-0.000227028400774579,-0.538780015183847,0.300296567186296,0.296614157602868,-0.000325799688428128,0.963544694284835,-0.795789556707891,-0.544106094306811,-0.140178136557905,0.252770036582156,-8.21325970040423e-05,-0.233272820651932,-0.0701359245255869,0.375341238322338,-0.114031914785936,0.433990346174209,0.314379355725641,"96"
"97",-0.0793759923233401,0.12301836922158,0.274895753697441,-0.0354483225708936,-0.0177130608112507,0.332348244164988,0.223943962821961,0.557925300020703,0.353935743523982,0.406596124681919,0.00733428941442142,-0.160588178377858,-0.0104032206050065,-0.056295897842682,0.0105251554340515,-0.214158270752571,-0.322116095602867,0.164323488203034,-0.198850900941929,0.21952924881692,0.00265334308276685,0.11922209149255,-0.0806935926356652,-0.341489240427293,-0.103736709132931,0.263963525871109,0.0238906100202904,"97"
"98",0.112140052430944,-0.230252342753223,-0.0225274040028663,-0.0206189522237098,0.616305026807372,-0.293270929863773,-0.418644678619696,0.333890698514682,0.32984629366905,0.00672274139218567,-0.0103616669902688,-0.0201417061078118,0.608623838173974,0.194249037008243,-0.014869628053407,-0.2538125533712,-0.368978707346941,-0.880151825666607,-0.151795238806648,-0.442790160668588,-0.00374856456857458,-0.3886797397963,0.224367878817149,-0.351145220593594,-0.00599605362675118,0.183525338128133,0.789711526317876,"98"
"99",0.545232071394783,0.191267466085954,0.179628561086404,0.129402128115519,-0.010526290588663,-0.594710786433535,0.747410813542143,-0.0771856520824117,-0.464842136589664,0.384884363731637,0.414833961916438,0.129919782947372,0.0913241954289025,-0.0193720977192305,0.038451428112387,0.191027149858332,0.396241158403568,0.0986374887796667,0.305308057572004,0.0923815198413078,-0.0182257594871353,-0.368911874153943,-0.148007527189237,0.374345898420113,0.117003812519908,0.140740509288866,0.186402387088749,"99"
"100",0.0844017456890291,0.305470467140108,0.415466667560144,0.00385221105715744,0.045596851159084,-0.00657525353944748,0.26487462255925,0.0735975263479822,-0.037204283492646,-0.09101471063728,0.00529285148761817,0.0739005508815227,0.211896430126922,0.0901265570960149,0.212496493786782,-0.357459668838816,-0.105418987962126,-0.240267779833534,-0.015961909563044,-0.0702463049973498,-0.144621802103814,0.0178849036662956,0.0388256162065247,-0.0685170646725538,-0.107777514441379,0.113403347657318,0.0531354102461479,"100"
"101",-0.353181729681301,-0.13056956972348,0.292137436841521,0.0649387712304672,0.390368077814055,0.559061692813502,-0.0256875046701345,0.470242201356296,0.0973658744271477,0.556901050413831,0.0501519780760786,0.147007821870412,0.21181596285832,0.0641541304950717,0.0468314472998316,-0.54314376323912,-0.378432744275879,-0.311317938316703,-0.179087288092512,-0.293945913334938,0.0118059916100571,-0.071519943474304,-0.0323884969187475,0.0428472137169237,-0.194431522409589,-0.219158609834559,-0.0786111506140805,"101"
"102",0.19466278807557,0.276692155010948,0.648203884844415,-0.284184062140435,-0.0949948698497133,0.00601530746003302,0.294068261044193,0.262036169728392,-0.0532887348761242,0.343035594315088,0.259995038546494,-0.0364293688812241,0.00623119965748158,0.278030992850971,0.107868526763684,0.349934889051806,-0.803358868459248,0.280295812608495,-0.398574136932899,0.188232115372574,-0.00650709549694009,-0.365918974857645,-0.279028826261183,0.119700127664274,-0.146225369949889,0.286688161962699,0.0370563868437372,"102"
"103",-0.41255979931176,0.0443664242243782,0.498306963336375,-0.278183306156121,0.0641784785830057,0.881628417394699,0.109235667472062,0.567394216781217,0.0560211473809858,0.369919742544837,0.0381202537485295,0.074100716465719,0.222313072844649,-0.0109040885030949,0.054704903667958,-0.251804686908758,0.0938169592751682,0.242967286526401,-0.234649775233342,0.0751960632993163,0.0137908536030937,-0.0327863710463168,0.0150741190191904,-0.229933928211886,-0.857080892918744,0.294716414085492,0.0853806058045192,"103"
"104",-0.1515892133514,-0.134890172749411,0.785095764189412,0.1343593545234,0.0898271955734962,0.338379194815941,0.21232867183542,0.50765048739966,0.0235002521874324,-0.00470651733200292,0.409111532276836,-0.185297685521142,0.110165809722138,-0.106186988789106,0.0201005365217955,0.153713026236921,-0.186552723881349,-0.092048822736923,-0.0668455118352855,0.0542184745472532,-0.187813241496667,-0.144722526053245,0.0923690450183861,0.112322757994873,0.179592115711972,0.085295430061789,-0.0738390489354654,"104"
"105",-0.405336497231459,0.203523323656385,0.0464451851394908,0.198811121584167,0.0630548098721102,0.612646023003821,0.0674688130776929,0.108546360898315,0.0311868676530931,0.352762221201075,0.281046117817484,-0.323586547417448,0.169693712881645,0.11973847412412,0.0537471030166911,-0.519252642418463,-0.694152073602704,0.12049401505075,-0.352059889074621,-0.0456285129808497,0.0135493964817591,-0.292485279236424,0.197761116342572,-0.289202259972977,-0.0810916555258118,-0.0182028334714514,0.144752853795844,"105"
"106",-0.0922986376104065,0.197316709475565,0.0185415349225496,0.497483528903804,0.133575408374672,0.514181796501707,0.175250713145241,0.480588254490795,0.361255831825179,0.0940587516257394,0.085375919556148,0.286504053323922,0.160603058882146,0.0134643647921264,-0.326860446357926,-0.644136148408538,0.496582642200885,-0.042506593518938,0.212387786551995,0.222065085069563,0.00308531514988491,0.144490255093764,0.0885838185774859,-0.0376532916531485,-0.110012293181882,0.219814808036255,-0.29883344654698,"106"
"107",-0.522290837635919,0.319067219977846,0.446321163566035,0.0836760662759563,0.0902941480337028,0.111305559596088,0.0313170637045056,-0.15833021133556,-0.472235455792579,0.053260396960957,0.397513645168726,0.161194908695662,0.0233062696750606,-0.059397663448431,0.133789774678201,-0.46372650831669,-0.212222834589955,-0.0436891060922184,-0.559096632858138,0.129178773033391,0.0174588907888989,0.323546977922635,-0.734562593228337,-0.0145281584143045,-0.720451954086603,0.0847143822168771,-0.0741192038966608,"107"
"108",0.18547402836081,-0.0450618369174084,0.380537228332514,0.183703955213187,0.0274720614871288,0.247073457451515,0.13797846196401,0.456240403662242,-0.069570334480689,-0.115704114084646,0.347497792937807,0.0672190405962964,0.22798868445274,0.073952548731281,-0.122152229924596,-0.320432173150312,0.123429895377579,0.0562634443117127,-0.225385223208541,0.163027995623681,-0.00619993798854831,0.0448332457316813,-0.0473965211036734,0.0293496783421302,-0.257084276092694,0.0279970751038207,-0.162644027160108,"108"
"109",-0.222909522826538,0.179471503888872,0.419705237330488,0.522226473680964,0.147770252290389,0.239712069466467,-0.0457880230716615,0.368632796199012,0.239747113468687,0.165826080320808,0.00138641285585974,-0.000929840768623031,0.152268968565642,0.212267909518316,-0.00171819568583528,0.304734531723838,-0.293934527250658,-0.0622198058192338,-0.195752394802812,0.160127967883765,0.00745131396991462,-0.216401455150554,0.105314331318097,-0.044417825543043,0.0244540143438066,-0.00888121569329325,0.0112565081364503,"109"
"110",-0.105182988585856,0.265867083718158,0.562588536199682,0.123999486701688,0.111079941604554,0.0879228489922668,-0.233477541469186,-0.124571178366839,-0.603417221916388,0.304521330950551,0.380953079880335,0.187386359917621,0.0969485639370055,-0.134961109795106,0.0192563011601521,0.174678334305236,-0.230118465716449,-0.414140342464632,-0.0974258626578896,-0.148070539294909,0.00351600713288951,0.0580616003583664,-0.0239665541641088,0.234594675390769,-0.179119370269091,0.132991070967986,0.0876648769694009,"110"
"111",0.0865762327192152,0.0788668106171108,0.577470049611244,0.074617825495022,0.185193867462034,0.315970785637915,0.186657640732948,0.931039881820567,-0.0166573392438402,0.313137023329103,-0.0598424101109884,-0.0113516376187731,-0.593394912098256,0.27679679094834,-0.443379963858697,-0.172408051326604,-0.0175995958024433,-0.113813328222713,-0.096532987682055,-0.17753921379351,-0.00289402930903588,-0.492989486897737,-0.212952623729659,-0.479289694563025,0.0388612370546501,-0.263133336335926,-0.0344279929660589,"111"
"112",0.0131474344294654,-0.0251479167245747,0.655628708745456,0.0424059523082033,-0.00204523644902332,0.59445176861748,-0.00464998392032573,0.603738754208847,-0.00432104279960689,-0.00134070430931277,0.376238617728267,0.131516196310354,0.422572206042607,0.0763749746362932,0.0255242783250039,-0.420499664973631,0.0109976989272986,-0.00791767134427708,-0.387931970553452,0.0742350662961944,-0.000439486212121775,0.0638416709007936,-0.04016718639156,0.671399388324496,0.0434283042217504,-0.170537906404432,-0.278591022725446,"112"
"113",-0.0930902122445563,-0.0931483591210896,0.572456831557044,0.0345301509142469,0.18508584682389,0.165173178659081,0.336144433122684,0.440383835122034,0.286080567874284,0.129194082417513,0.412063905522728,-0.197071834087636,0.139128403896964,-0.0812777226510914,0.012343643519706,-0.651630726780557,0.438430759397335,-0.409938939076381,-0.00573609959788581,0.094596524123541,0.0031117755319044,-0.0155751647344023,-0.124450657722451,0.164762702027728,-0.0776801288371194,0.0947458066219364,-0.0360966152474218,"113"
"114",-0.0234528987539992,0.0874481082771058,0.38300736610629,0.0661322479145284,-0.483545804315017,-0.324034447093006,0.423155283528899,0.076078761438534,0.0474562814241743,0.00239159986642084,0.0536701848883182,0.0732756725186326,0.133224434877026,-0.168563668925197,-0.154738250526239,-1.27511497184156,0.894476482917411,0.050538432303876,-0.156453305358994,-0.0387755713290442,0.000783972393395319,-0.270043464078633,0.148375905079396,0.242209450605015,-0.276331443347919,-0.159301850935156,-0.170233736014451,"114"
"115",-0.0421220392872157,-0.193078814328467,0.833135664009876,-0.065850719900422,0.015724102966312,0.110057759076459,0.129528614688587,0.0320217299466881,0.0357119467208385,-0.32054334608601,0.00389204868896878,0.132069265829815,0.497284447370037,0.0800351393159294,0.00558532873378961,-0.383640889276524,0.215928604872219,0.0845897388198304,-0.295119881782069,-0.0126940666052151,0.00140803558233786,-0.0710039392997344,0.109073647388674,0.13250982374369,-0.0968362513229996,-0.0263226403171269,-0.00690133747391077,"115"
"116",0.174739615132067,-0.0475799810356229,0.033080754957112,0.0387262193701483,-0.132079941905191,0.143505408764782,0.19777264463263,0.396946568601193,-0.156529601303412,-0.0265174604487927,0.345997607802752,0.187410911132349,0.0753341705868708,-0.0166998509586206,-0.192353527300562,-0.466856829234468,0.192457965368703,-0.1524170850269,-0.443658428306645,-0.00400326776105671,-0.00584111310643315,-0.242243919478186,0.351896388647768,0.0573530948355848,-0.268791461172382,-0.0504951999131572,-0.00639074704358461,"116"
"117",0.321180054846208,0.257664330261599,0.43977296946385,-0.0557916345310186,-0.245416229659535,0.4676647609525,0.0492314563459656,0.277275558255522,0.158009960954,0.390535144933123,-0.132830896003398,0.0865719206060485,0.0135897059950055,-0.154181690752722,0.0280600652974812,-0.61091388953299,0.319035018778813,-0.174709290011209,-0.36335230710918,-0.189037543640684,-0.0107362547781117,-0.0426858193015704,-0.288409953033398,-0.122334084880874,-0.0766145315464617,-0.0506582590295714,0.0464002727983843,"117"
"118",0.215393730617946,0.126198136213961,0.471985732434876,0.0263255629612872,0.641304820478477,0.485796485835043,-0.0420695757082754,-0.0816304732161942,-0.335010050272661,0.281019991365675,-0.111691467150925,-0.270533862700149,-0.571267912233933,0.306753641969554,-0.0355955519422545,-0.117105864593039,0.421919458769183,-0.204687630446501,-0.340424053351055,-0.135184717730219,-0.00720007962707874,-0.285397380713121,0.345395894376116,0.164876927496498,-0.0536769686000079,-0.434447842430998,-0.0376961072373391,"118"
"119",0.101908824758135,0.133943537840552,0.635401008976536,0.0467235448948401,-0.233775179563547,0.10023881856368,-0.0122077194352649,-0.0367959022497974,0.0709471746003773,-0.010392111194234,0.0154668191093553,-0.134995634290988,0.0750879557905171,-0.146063877995874,0.208789486145648,0.0194221409716607,-0.0986756945056792,-0.00704659285988282,-0.395663861032432,0.0376787886619657,0.196968903532198,0.0713169540670812,-0.215242611604302,0.249071128679549,-0.440476098463645,0.347652808275046,0.108048576668261,"119"
"120",-0.594889940844011,0.16850489420725,0.263549810019728,-0.00865856681162326,0.4263553876599,0.508785492014508,0.229221397446765,0.35560652637483,0.0487785055318959,0.290589536885218,0.00788767586064479,-0.204031933448901,0.566855946112092,-0.217941324567183,0.0340505167465712,-0.335037433822424,-0.575183335915977,-0.406035877052484,-0.556630534890653,0.0815556086279198,0.0198856992315277,-0.195535005291243,0.183559400605584,0.0640110509840218,0.221364355250065,0.320133426270632,-0.0423172214982298,"120"
"121",0.154225307436396,0.0381967301638269,-0.0309817565871488,-0.312944583903742,0.171858222067574,0.130795215638776,0.307261159995394,0.657428350544906,-0.0805169587820652,-0.0714191493574505,0.280451608942312,0.192032289527094,0.470784927629751,-0.207543351236076,-0.020450079238312,-0.499993641433891,0.295737608522938,-0.0780815577462356,-0.0535071432347527,0.0323144972777849,-0.00515537054336203,0.26912989073253,0.210549402622517,0.0583687203785451,-0.0303193066115798,-0.0901979843700424,0.00684496837761919,"121"
"122",-0.244249763287982,-0.0497499411055418,0.550889688929796,0.472414106662428,-0.176895974858088,0.145092837909044,0.0380176336757184,0.224979192355548,0.493960913239761,0.0249072708401658,0.316012068330163,0.23638755942229,0.213185904935178,0.240994235599101,-0.124979736773229,-0.137200371232606,-0.391435727503815,-0.604241135570321,-0.326128459249674,-0.0894718267136018,0.0081646654223549,-0.350020966374196,-0.044130435385952,0.0605188392673531,-0.107275885874412,0.0344906769959421,-0.277925892392454,"122"
"123",0.0370087729703262,0.0254416896643532,0.0917653045563219,-0.042267726591992,-0.099944751168157,-0.00788695088750008,0.0582479829138249,0.523587051574839,-0.107401089920302,0.27215721132065,0.364430266873022,0.453963362783993,-0.123673659893675,0.369723747765502,0.0342970628919077,-0.212101187515228,-0.138328515435413,-0.553377851309206,-0.91845866886294,-0.0440999545746435,-0.00123711173729344,-0.311403524710246,0.161351945558939,0.807720935506694,-0.127923070964588,-0.344255436870798,-0.128881580067181,"123"
"124",0.0318692773611535,0.0824120033361792,0.465074182354244,0.00260010892817445,-0.316030752041292,-0.00679167141178106,0.1649786714225,0.461230806644225,0.360591188654615,-0.00324985667142241,0.130001261477941,-0.0411148436545909,0.231075002302666,0.336213947959832,-0.0753118812743254,-0.0370193578918863,-0.10590193296765,0.0726360745094395,-0.206604558792849,0.230291650080073,0.112260045532745,-0.453915063617714,-0.231216057327917,0.323087081793836,0.169629259439523,0.466227342212156,-0.0917577136468671,"124"
"125",-0.115789060893726,0.339276623603752,-0.468763827575629,0.0212898876257129,0.0431649839243283,0.137107910586681,0.0552526899446264,0.0673874559629352,0.437275766712753,0.331779944342733,0.0106988329690337,0.020797112043964,0.143728175306306,0.0406352468639929,-0.435345329924992,0.0580331382482489,-0.0313274970232628,-0.111368586091556,-0.0490181332953754,-0.0940296046583135,-0.135820854308814,0.053651026615957,-0.0137191907397895,0.155090751739952,0.0420642789363459,0.232594206246874,0.0497187019212158,"125"
"126",-0.430304589376754,-0.0626055974202528,0.694021033153918,0.253686403041543,0.0669388872099361,-0.0682353233717696,0.064219312463773,0.370489852040146,0.453397018255262,0.45465381162175,0.357835971411607,-0.587632132416197,0.0202647293268957,0.0325367261163099,-0.126958943710997,-0.0177906054415047,-0.290522223277917,-0.240035208460615,-0.296194516206201,0.313444729077678,0.0143840180423148,-0.355411835029556,0.0331058806646734,0.0995989866648754,-0.265268723010541,0.181160934123395,-0.200021737307322,"126"
"127",0.0622847844397049,0.0226756541337031,0.332277236677683,0.0751806223995945,-0.433445951520952,0.521137284417548,-0.0240167591118519,0.831461042622245,0.108213644513773,-0.0063514657061593,0.107875081156657,-0.133616938504936,0.54861336738538,-0.126085515285181,-0.0169669426838383,-0.591637370474552,-0.393712669346645,-0.204526019444653,-0.160248722487336,-0.41110233780721,-0.00208202627919842,0.0192304643061454,-0.184902909335826,0.0408507994804082,-0.0482419947879329,0.024368454769908,0.0138651448611572,"127"
"128",0.00106134549160517,-0.0592866795563731,0.37924061171628,-0.0702656025736719,0.346092837728307,0.436983158700406,-0.0629041188296193,0.583060673464381,0.0848136681566506,0.539347407856335,0.0867067597724422,0.174616632059988,0.152849756017452,-0.00463252554220665,-0.393108171809846,-0.133628617998456,-0.061555815348494,-0.314784677455487,-0.122815999352281,-0.111240522385716,-0.121078595642233,0.197807908238563,0.294715562136965,-0.156720230088124,-0.14423132301158,-0.0226442526007274,0.103419509384551,"128"
"129",-0.521525050495891,-0.284342451487944,0.646942117296655,0.099943681314607,0.0564290766006194,0.0893919073830488,-0.224782125982255,0.239573899888445,-0.520903228343246,-0.163846103721327,-0.284646375776478,0.16512018147203,0.91072358340362,-0.154830730474852,0.192593209292349,0.911181496101368,-1.12270890967839,-1.37698089988498,-0.379847130257628,-0.106554616339072,0.0174332924190216,-0.0177137253048073,-0.223435934917036,0.275338454222029,0.221989343709002,0.319568590292429,-0.574635491063396,"129"
"130",0.114110636955192,0.00134543800734159,0.148950887116956,0.157723386117746,0.297149988508503,0.359002504091679,0.236308071183038,0.0667576736242053,0.111855471568065,0.0229102005699552,0.28972762617123,0.123004626915829,-0.0471469847399226,0.170204637200286,0.319362449130974,0.209195494457745,-0.526362676308766,-0.0849886256442964,-0.288846322648105,-0.00479816303090214,-0.00381443633487857,-0.0788747611459582,0.334423074074203,-0.0547795324726347,0.14960998073535,-0.219909357904238,-0.0863977494173028,"130"
"131",-0.190395275039931,0.183715449872215,0.255638563597408,0.0350075730710535,0.216441977087267,0.128674552413029,0.0226639465278811,0.0703214553545912,0.0258536139038452,0.281740235364235,-0.370709171114498,0.0233182889507395,0.0714699912573772,0.0440273616772168,-0.0277211045478592,-0.539603329756819,-0.0267577413591239,-0.578621015390411,-0.357423056582783,-0.0117201783801277,0.00636444309207208,0.0187597999339972,-0.0463255236795773,0.266359907883853,0.132159767604963,-0.043167422951756,-0.102521199438797,"131"
"132",0.189235313017347,-0.0332605333989665,0.565810060056922,-0.0199072681996119,0.0203247077457532,-0.0312359169613238,0.186875092578708,0.205851677898686,-0.0289254609123875,-0.0984907846624676,0.27920926848574,-0.0443277074274613,0.316625756762379,-0.0572025735269355,-0.438568956075915,0.0706700785401142,0.281669551086659,-0.389251012099324,-0.17169183991282,0.153786374228465,-0.00632566843088249,0.000509078435294296,0.0658149479677273,-0.094460790772495,0.0402179964080234,0.153203076284152,0.00580237302014855,"132"
"133",0.190486282035266,0.69180783526643,0.3686690791754,0.178578195661079,0.0761660106872877,-0.0405945896222948,0.0163812574209104,0.0950436757230034,0.0783206381766801,-0.0343858940945701,0.0235313908094885,-0.0141161678852949,0.182984028275571,-0.0192016740205222,0.0520655841988373,-0.258871112758798,0.0447704611255026,0.031609640062868,0.170609329415846,0.0474903182455547,-0.0063674852308163,-0.0852401662959714,-0.144247499298711,0.08751614135929,-0.130015658754619,0.257044733309828,-0.196249258988428,"133"
